title,company,location,description,url,clean_description,extracted_skills,predicted_role
Computer Vision Engineer (m/w/d),Cerpro GmbH,Berlin,"<p><strong>ABOUT CERPRO</strong></p>
<p>CERPRO develops AI-based software for the manufacturing industry. Our technology simplifies complex processes, such as the creation of inspection reports, and raises quality standards in production to a new level. In doing so, we help companies work more efficiently and remain competitive in the long term.</p>
<p>Backed by international investors and early customers, we are scaling our solution from Germany into the global market.</p>
<h2>Tasks</h2>
<p><strong>YOUR MISSION AT CERPRO</strong></p>
<p>Technical drawings are the backbone of the manufacturing industry and at the same time one of the toughest nuts to crack in computer vision: dense layouts, tiny text, hundreds of symbols per sheet, scanned legacy stock alongside clean vector PDFs. This is exactly where you come in. As a Computer Vision Engineer, you build the models that turn these drawings into usable data: dimensions, tolerances, GD&#x26;T, surface specifications, welding symbols, bills of materials. You work at the heart of our produc and help decide how far our automation can go.</p>
<p><strong>YOUR RESPONSIBILITIES</strong></p>
<p><strong>Models for technical drawings:</strong> You develop and train models for detection, classification, and segmentation of the elements on technical drawings, from individual dimension entries to GD&#x26;T symbols to complete title blocks and bills of materials.</p>
<p><strong>OCR for the technical context:</strong> You build robust OCR pipelines that handle the peculiarities of technical drawings: special characters, rotated text, low resolutions, scanned originals, mixed fonts, and safety-critical dimensions where every digit counts.</p>
<p><strong>Document understanding &#x26; layout:</strong> You work on models that understand the structure of a drawing, which annotation belongs to which dimension, which view shows which surface, where the title block ends and the bill of materials begins. For this, you use modern Document-AI approaches and vision-language models.</p>
<p><strong>Data strategy &#x26; annotation:</strong> You help decide which data we need, how we collect and annotate it, and where synthetic data can meaningfully extend our training set. You work closely with our annotators and define guidelines.</p>
<p><strong>Evaluation &#x26; iteration:</strong> You define meaningful metrics, build evaluation pipelines, and ensure that we improve model quality not just subjectively but measurably. You systematically analyze failure cases and derive the next training cycles from them.</p>
<p><strong>Deployment &#x26; performance:</strong> Together with the engineering team, you bring your models into production: latency, cost, and stability are just as important to you as accuracy. Where needed, you optimize models with quantization or ONNX/TensorRT.</p>
<p><strong>Collaboration within the ML team:</strong> You work closely with the rest of the ML team on hybrid approaches in which vision models and rule-based evaluation go hand in hand.</p>
<h2>Requirements</h2>
<p><strong>WHAT YOU BRING</strong></p>
<ul>
<li>Several years of experience in computer vision and deep learning, ideally in a production environment.</li>
<li>Strong command of Python and one of the common DL frameworks (PyTorch preferred).</li>
<li>Practical experience with object detection, segmentation, and/or OCR, including training, evaluation, and deployment of your own models.</li>
<li>Familiarity with modern architectures (e.g. DETR, YOLO variants, SAM, LayoutLM, Donut) and a sense of when which approach fits.</li>
<li>Experience working with documents (PDFs, scans) is a clear plus, experience with technical drawings, plans, or engineering documents is an even bigger one.</li>
<li>Structured, results-oriented way of working, you don't just build models, you bring them into production.</li>
<li>Basic understanding of MLOps topics: versioning, reproducibility, monitoring of models in live operation.</li>
<li>Business-fluent German or English skills.</li>
</ul>
<h2>Benefits</h2>
<p><strong>WHY CERPRO?</strong></p>
<ul>
<li><strong>Vision:</strong> We aim to transform how an entire industry works worldwide. From day one, you’ll be part of this mission and share in our commitment to give everything to achieve it.</li>
<li><strong>Team Spirit:</strong> Team spirit matters to us, and we make it visible through a strong recognition culture where we regularly celebrate both big and small wins together.</li>
<li><strong>Ownership:</strong> You’re encouraged to take ownership from day one. In a flat hierarchy and high-trust environment, you’ll be empowered to make meaningful decisions and drive real impact.</li>
<li><strong>Learning &#x26; Growth:</strong> We invest in your personal and professional development through a strong feedback culture, helping you unlock your full potential.</li>
<li><strong>AI Enablement:</strong> Our internal tools and workflows are AI-enabled by design. Every team member receives support to apply AI in daily work, including your own Claude Code or Cursor license.</li>
<li><strong>Tech &#x26; Tooling:</strong> You’ll receive a new computer (Mac or Windows) and everything else you need, from hardware to tools, to be effective in your daily work.</li>
<li><strong>Recharge:</strong> To ensure proper rest, we offer 30 vacation days per year (based on a 5-day week), plus December 24th off and all local public holidays.</li>
</ul>
<p><strong>THE APPLICATION PROCESS</strong></p>
<p>We want your candidate experience with us to be smooth, transparent, and enjoyable. We aim to get back to you regarding your application within 5 business days. Our interview process typically takes about 4 weeks from start to finish, though this may vary by role. If you need adjustments or flexibility at any stage, please don’t hesitate to let us know, we’ll do our best to make it work for you.</p>
<p>Find <a href=""https://www.arbeitnow.com/"">Jobs in Germany</a> on Arbeitnow</a>",https://www.arbeitnow.com/jobs/companies/cerpro-gmbh/computer-vision-engineer-berlin-256033,"ABOUT CERPRO CERPRO develops AI-based software for the manufacturing industry. Our technology simplifies complex processes, such as the creation of inspection reports, and raises quality standards in production to a new level. In doing so, we help companies work more efficiently and remain competitive in the long term. Backed by international investors and early customers, we are scaling our solution from Germany into the global market. Tasks YOUR MISSION AT CERPRO Technical drawings are the backbone of the manufacturing industry and at the same time one of the toughest nuts to crack in computer vision: dense layouts, tiny text, hundreds of symbols per sheet, scanned legacy stock alongside clean vector PDFs. This is exactly where you come in. As a Computer Vision Engineer, you build the models that turn these drawings into usable data: dimensions, tolerances, GD&#x26;T, surface specifications, welding symbols, bills of materials. You work at the heart of our produc and help decide how far our automation can go. YOUR RESPONSIBILITIES Models for technical drawings: You develop and train models for detection, classification, and segmentation of the elements on technical drawings, from individual dimension entries to GD&#x26;T symbols to complete title blocks and bills of materials. OCR for the technical context: You build robust OCR pipelines that handle the peculiarities of technical drawings: special characters, rotated text, low resolutions, scanned originals, mixed fonts, and safety-critical dimensions where every digit counts. Document understanding &#x26; layout: You work on models that understand the structure of a drawing, which annotation belongs to which dimension, which view shows which surface, where the title block ends and the bill of materials begins. For this, you use modern Document-AI approaches and vision-language models. Data strategy &#x26; annotation: You help decide which data we need, how we collect and annotate it, and where synthetic data can meaningfully extend our training set. You work closely with our annotators and define guidelines. Evaluation &#x26; iteration: You define meaningful metrics, build evaluation pipelines, and ensure that we improve model quality not just subjectively but measurably. You systematically analyze failure cases and derive the next training cycles from them. Deployment &#x26; performance: Together with the engineering team, you bring your models into production: latency, cost, and stability are just as important to you as accuracy. Where needed, you optimize models with quantization or ONNX/TensorRT. Collaboration within the ML team: You work closely with the rest of the ML team on hybrid approaches in which vision models and rule-based evaluation go hand in hand. Requirements WHAT YOU BRING Several years of experience in computer vision and deep learning, ideally in a production environment. Strong command of Python and one of the common DL frameworks (PyTorch preferred). Practical experience with object detection, segmentation, and/or OCR, including training, evaluation, and deployment of your own models. Familiarity with modern architectures (e.g. DETR, YOLO variants, SAM, LayoutLM, Donut) and a sense of when which approach fits. Experience working with documents (PDFs, scans) is a clear plus, experience with technical drawings, plans, or engineering documents is an even bigger one. Structured, results-oriented way of working, you don't just build models, you bring them into production. Basic understanding of MLOps topics: versioning, reproducibility, monitoring of models in live operation. Business-fluent German or English skills. Benefits WHY CERPRO? Vision: We aim to transform how an entire industry works worldwide. From day one, you’ll be part of this mission and share in our commitment to give everything to achieve it. Team Spirit: Team spirit matters to us, and we make it visible through a strong recognition culture where we regularly celebrate both big and small wins together. Ownership: You’re encouraged to take ownership from day one. In a flat hierarchy and high-trust environment, you’ll be empowered to make meaningful decisions and drive real impact. Learning &#x26; Growth: We invest in your personal and professional development through a strong feedback culture, helping you unlock your full potential. AI Enablement: Our internal tools and workflows are AI-enabled by design. Every team member receives support to apply AI in daily work, including your own Claude Code or Cursor license. Tech &#x26; Tooling: You’ll receive a new computer (Mac or Windows) and everything else you need, from hardware to tools, to be effective in your daily work. Recharge: To ensure proper rest, we offer 30 vacation days per year (based on a 5-day week), plus December 24th off and all local public holidays. THE APPLICATION PROCESS We want your candidate experience with us to be smooth, transparent, and enjoyable. We aim to get back to you regarding your application within 5 business days. Our interview process typically takes about 4 weeks from start to finish, though this may vary by role. If you need adjustments or flexibility at any stage, please don’t hesitate to let us know, we’ll do our best to make it work for you. Find Jobs in Germany on Arbeitnow","['python', 'deep learning']",AI/ML Engineer
Mitarbeiter Regulatorische Banksteuerung,coni+partner AG,Frankfurt am Main,"<p>coni + partner ist ein seit 1993 bestehendes Beratungshaus mit Sitz in Zürich und Niederlassungen in Düsseldorf und Shanghai. Unsere Stärke ist die passgenaue Besetzung von Positionen entsprechend der Unternehmenskultur, unter genauer Betrachtung fachlicher Kompetenzen, Referenzen und «soft skills» der Kandidaten.</p>
<p>Unser Kunde ist eine internationale Bank in Zürich. Wir suchen einen Spezialisten (m, f, d) als</p>
<p><strong>Mitarbeiter Regulatorische Banksteuerung</strong></p>
<h2>Aufgaben</h2>
<p>Support für das ganzheitliche Risikomanagement der Bank an der Schnittstelle Finance, Risk und Governance / Mitarbeit bei Projekten im Bereich Kredit-, Markt-, Liquiditäts- und operationellen Risiko, einschliesslich den Non-Financial Risk / Beschäftigung mit ICAAP- und ILAAP-Prozessen (Eigenmittel &#x26; Liquidität), der Quantifizierung von Risiken, dem IFRS- und Regulatory Reporting-Themen / Beschäftigung mit IFRS-Themen wie Bewertungen, Expected Credit Loss-Prozessen sowie Analysen zu Auswirkungen auf die Erfolgsrechnung, Risikokennzahlen und Reporting / Erstellung von Regulatory Reportings (COREP, Offenlegung) und Qualitätssicherung / Mitarbeit bei der Aufbereitung von Daten, der Dokumentation von Inhalten, an Kapital- und Liquiditätsszenarien sowie Stresstest-Analysen / Bereichsübergreifende Zusammenarbeit mit dem Controlling, Risikocontrolling, Reporting, Accounting, Treasury, etc. / Mitarbeit bei der Automatisierung und Optimierung der Prozesse der Banksteuerung / Ad hoc Projekte.</p>
<h2>Qualifikation</h2>
<p>Bachelor oder Master in Banking &#x26; Finance / Kenntnisse einer internationalen Bank und ihrer Abläufe / Berufserfahrung in einer Bank, in der Wirtschaftsprüfung oder im Management Consulting / Berufliche Erfahrungen im Bereich Rechnungslegung nach IFRS, Risikomanagement, Regulatory Reporting oder Banksteuerung / Regulatorische Kenntnisse im Bereich COREP, CRR 3 (Basel III/IV) / Analytische, initiative Persönlichkeit mit Freude an komplexen Fragestellungen / Präziser und zuverlässiger Arbeitsstil mit Teamorientierung / Interesse am Projektmanagement / IT-Flair und Erfahrung mit SQL-Abfragen, BI Tools oder Excel / Deutsch und Englisch.</p>
<p>Bitte schicken Sie uns Ihre Unterlagen für eine erste Kontaktnahme am besten per Mail an contact@coni-partner .com oder rufen Sie uns an unter +41 44 254 90 10. Herr Ivano Coni ist gerne für Sie da. Ihre Bewerbung wird streng vertraulich behandelt.</p>
<p>coni + partner ag</p>
<p>Ivano Coni</p>
<p>Managing Director</p>
<p>Klosbachstrasse 107</p>
<p>CH-8032 Zürich</p>
<p>Tel.: +41 44 254 90 10</p>
<p>Find <a href=""https://www.arbeitnow.com/"">Jobs in Germany</a> on Arbeitnow</a>",https://www.arbeitnow.com/jobs/companies/conipartner-ag/mitarbeiter-regulatorische-banksteuerung-frankfurt-am-main-238817,"coni + partner ist ein seit 1993 bestehendes Beratungshaus mit Sitz in Zürich und Niederlassungen in Düsseldorf und Shanghai. Unsere Stärke ist die passgenaue Besetzung von Positionen entsprechend der Unternehmenskultur, unter genauer Betrachtung fachlicher Kompetenzen, Referenzen und «soft skills» der Kandidaten. Unser Kunde ist eine internationale Bank in Zürich. Wir suchen einen Spezialisten (m, f, d) als Mitarbeiter Regulatorische Banksteuerung Aufgaben Support für das ganzheitliche Risikomanagement der Bank an der Schnittstelle Finance, Risk und Governance / Mitarbeit bei Projekten im Bereich Kredit-, Markt-, Liquiditäts- und operationellen Risiko, einschliesslich den Non-Financial Risk / Beschäftigung mit ICAAP- und ILAAP-Prozessen (Eigenmittel &#x26; Liquidität), der Quantifizierung von Risiken, dem IFRS- und Regulatory Reporting-Themen / Beschäftigung mit IFRS-Themen wie Bewertungen, Expected Credit Loss-Prozessen sowie Analysen zu Auswirkungen auf die Erfolgsrechnung, Risikokennzahlen und Reporting / Erstellung von Regulatory Reportings (COREP, Offenlegung) und Qualitätssicherung / Mitarbeit bei der Aufbereitung von Daten, der Dokumentation von Inhalten, an Kapital- und Liquiditätsszenarien sowie Stresstest-Analysen / Bereichsübergreifende Zusammenarbeit mit dem Controlling, Risikocontrolling, Reporting, Accounting, Treasury, etc. / Mitarbeit bei der Automatisierung und Optimierung der Prozesse der Banksteuerung / Ad hoc Projekte. Qualifikation Bachelor oder Master in Banking &#x26; Finance / Kenntnisse einer internationalen Bank und ihrer Abläufe / Berufserfahrung in einer Bank, in der Wirtschaftsprüfung oder im Management Consulting / Berufliche Erfahrungen im Bereich Rechnungslegung nach IFRS, Risikomanagement, Regulatory Reporting oder Banksteuerung / Regulatorische Kenntnisse im Bereich COREP, CRR 3 (Basel III/IV) / Analytische, initiative Persönlichkeit mit Freude an komplexen Fragestellungen / Präziser und zuverlässiger Arbeitsstil mit Teamorientierung / Interesse am Projektmanagement / IT-Flair und Erfahrung mit SQL-Abfragen, BI Tools oder Excel / Deutsch und Englisch. Bitte schicken Sie uns Ihre Unterlagen für eine erste Kontaktnahme am besten per Mail an contact@coni-partner .com oder rufen Sie uns an unter +41 44 254 90 10. Herr Ivano Coni ist gerne für Sie da. Ihre Bewerbung wird streng vertraulich behandelt. coni + partner ag Ivano Coni Managing Director Klosbachstrasse 107 CH-8032 Zürich Tel.: +41 44 254 90 10 Find Jobs in Germany on Arbeitnow","['sql', 'excel', 'api']",Data Analyst
AI Automation & Generative AI Engineer,Resourceful Talent Group,Berlin,"<p style="";"">We are seeking an AI Automation &amp; Generative AI Engineer to support a rapidly growing organization in the U.S.</p><p style="";;""></p><p style="";"">This person will build AI-powered applications, workflow automations, LLM integrations, and business process automation solutions. The ideal candidate is hands-on, strong with Python, comfortable working with APIs, and experienced in turning AI tools into practical business solutions.</p><p style="";;""></p><p style="";"">This is a strong fit for someone who has built AI applications, internal automation tools, RAG systems, chatbots, AI agents, or LLM-powered workflows.</p><p style="";;""></p><p style="";"">Key Responsibilities</p><ul><li><p>Build and integrate AI-powered applications, workflows, and automation systems</p></li><li><p>Develop LLM-based tools, AI agents, chatbots, and internal productivity solutions</p></li><li><p>Integrate OpenAI, Anthropic, Gemini, or other generative AI APIs into business systems</p></li><li><p>Design AI automation solutions for operations, sales, customer support, recruiting, and productivity use cases</p></li><li><p>Build and improve RAG systems, document search tools, and knowledge-based AI applications</p></li><li><p>Work with APIs, databases, cloud services, and third-party platforms</p></li><li><p>Optimize prompts, workflows, outputs, and AI interactions for accuracy and usability</p></li><li><p>Collaborate with engineering, product, and business teams to deliver scalable AI solutions</p></li><li><p>Troubleshoot and improve AI workflows, including handling edge cases, errors, and unreliable outputs</p></li><li><p>Help ensure AI solutions are practical, secure, and aligned with business needs</p></li></ul><ul><li><p>Strong Python experience</p></li><li><p>Hands-on experience with OpenAI APIs or other LLM platforms</p></li><li><p>Experience with LangChain, LlamaIndex, Semantic Kernel, CrewAI, AutoGen, or similar frameworks</p></li><li><p>Experience building AI-powered applications, automations, or workflow tools</p></li><li><p>Strong API integration experience</p></li><li><p>Understanding of prompts, structured outputs, embeddings, RAG, and AI workflow design</p></li><li><p>Experience working with cloud infrastructure or backend systems</p></li><li><p>Ability to work independently in a remote environment</p></li><li><p>Strong English communication skills</p></li><li><p>Comfortable working with international teams and fast-moving projects</p></li></ul><p style="";;""></p><p style="";"">Preferred Qualifications</p><ul><li><p>Experience with vector databases such as Pinecone, Weaviate, Chroma, Qdrant, Milvus, or pgvector</p></li><li><p>Experience building RAG systems or document Q&amp;A tools</p></li><li><p>Experience with AWS, GCP, or Azure</p></li><li><p>Experience with voice AI, conversational AI, or customer support automation</p></li><li><p>Experience with workflow automation tools such as n8n, Zapier, Make, Airflow, or similar</p></li><li><p>Experience working with startups, SaaS companies, or product teams</p></li><li><p>Experience deploying AI applications into production environments</p></li><li><p>Familiarity with AI evaluation, hallucination reduction, security, and data privacy best practices</p></li></ul><p style="";;""></p><p style="";"">Example Projects</p><ul><li><p>Build an AI assistant that answers questions from company documents</p></li><li><p>Build a customer support automation tool that drafts responses and routes tickets</p></li><li><p>Build a sales automation workflow that researches prospects and drafts outreach</p></li><li><p>Build a recruiting tool that compares resumes against job descriptions</p></li><li><p>Build an internal productivity assistant that connects to business systems and automates repetitive tasks</p></li></ul><p style="";;""></p><p style="";"">What We Offer</p><ul><li><p>Remote work environment</p></li><li><p>Competitive compensation</p></li><li><p>Long-term project opportunity</p></li><li><p>Opportunity to work on modern AI and automation technologies</p></li></ul><p style="";;""></p><p style="";"">Collaboration with an innovative company</p><p style="";""></p><p>Find <a href=""https://www.arbeitnow.com/"">Jobs in Germany</a> on Arbeitnow</a>",https://www.arbeitnow.com/jobs/companies/resourceful-talent-group/ai-automation-generative-ai-engineer-berlin-225157,"We are seeking an AI Automation &amp; Generative AI Engineer to support a rapidly growing organization in the U.S. This person will build AI-powered applications, workflow automations, LLM integrations, and business process automation solutions. The ideal candidate is hands-on, strong with Python, comfortable working with APIs, and experienced in turning AI tools into practical business solutions. This is a strong fit for someone who has built AI applications, internal automation tools, RAG systems, chatbots, AI agents, or LLM-powered workflows. Key Responsibilities Build and integrate AI-powered applications, workflows, and automation systems Develop LLM-based tools, AI agents, chatbots, and internal productivity solutions Integrate OpenAI, Anthropic, Gemini, or other generative AI APIs into business systems Design AI automation solutions for operations, sales, customer support, recruiting, and productivity use cases Build and improve RAG systems, document search tools, and knowledge-based AI applications Work with APIs, databases, cloud services, and third-party platforms Optimize prompts, workflows, outputs, and AI interactions for accuracy and usability Collaborate with engineering, product, and business teams to deliver scalable AI solutions Troubleshoot and improve AI workflows, including handling edge cases, errors, and unreliable outputs Help ensure AI solutions are practical, secure, and aligned with business needs Strong Python experience Hands-on experience with OpenAI APIs or other LLM platforms Experience with LangChain, LlamaIndex, Semantic Kernel, CrewAI, AutoGen, or similar frameworks Experience building AI-powered applications, automations, or workflow tools Strong API integration experience Understanding of prompts, structured outputs, embeddings, RAG, and AI workflow design Experience working with cloud infrastructure or backend systems Ability to work independently in a remote environment Strong English communication skills Comfortable working with international teams and fast-moving projects Preferred Qualifications Experience with vector databases such as Pinecone, Weaviate, Chroma, Qdrant, Milvus, or pgvector Experience building RAG systems or document Q&amp;A tools Experience with AWS, GCP, or Azure Experience with voice AI, conversational AI, or customer support automation Experience with workflow automation tools such as n8n, Zapier, Make, Airflow, or similar Experience working with startups, SaaS companies, or product teams Experience deploying AI applications into production environments Familiarity with AI evaluation, hallucination reduction, security, and data privacy best practices Example Projects Build an AI assistant that answers questions from company documents Build a customer support automation tool that drafts responses and routes tickets Build a sales automation workflow that researches prospects and drafts outreach Build a recruiting tool that compares resumes against job descriptions Build an internal productivity assistant that connects to business systems and automates repetitive tasks What We Offer Remote work environment Competitive compensation Long-term project opportunity Opportunity to work on modern AI and automation technologies Collaboration with an innovative company Find Jobs in Germany on Arbeitnow","['python', 'aws', 'azure', 'cloud', 'database', 'api']",AI/ML Engineer
Senior Marketing Manager (m/w/d),Complori,Berlin,"<h2>Über Cleverly &#x26; Complori</h2>
<p>cleverly edu GmbH und codary GmbH bündeln ihre Kräfte. cleverly bietet Online-Nachhilfe und Mentoring für Schüler:innen der Klassen 1 bis 13 und arbeitet mit über 600 qualifizierten Tutor:innen. codary begeistert Kinder von 7 bis 16 Jahren mit gamifizierten, live unterrichteten Programmierkursen und hat bereits über 17.000 Kindern das Coden beigebracht.<br>
Gemeinsam entsteht einer der führenden EdTech-Anbieter für Kinder und Jugendliche im DACH-Raum — von schulischem Erfolg bis zu digitalen Zukunftskompetenzen. Für diesen Zusammenschluss bauen wir unser Marketing neu auf und suchen dich als Senior Marketing Manager (m/w/d), um unsere Reichweite und unser Wachstum auf das nächste Level zu heben.</p>
<h2>Bewirb dich für diesen Job wenn du motiviert bist...</h2>
<p>und:</p>
<ul>
<li>Mehrjährige Berufserfahrung (idealerweise 4+ Jahre) im Performance- oder Growth-Marketing, bevorzugt im B2C-, Subscription- oder EdTech-Umfeld.</li>
<li>Nachweisbare Erfolge beim Aufbau und Skalieren von Paid-Kampagnen über Google Ads und Meta; Erfahrung mit TikTok oder YouTube Ads von Vorteil.</li>
<li>Erfahrung im Content-Marketing mit Fokus auf organischem Social Media (z. B. Instagram, TikTok, LinkedIn, YouTube).</li>
<li>Fundierte Praxis im CRM-Marketing mit HubSpot — von Lead-Nurturing über E-Mail- und Lifecycle-Kampagnen bis zu Marketing-Automatisierungen.</li>
<li>Tiefes Verständnis von Tracking und Attribution (GA4, Server-Side Tracking, Conversion-APIs) sowie eine ausgeprägt datengetriebene Arbeitsweise.</li>
<li>Sicherer Umgang mit Analyse-Tools (z. B. GA4, Looker Studio, Tabellenkalkulation); Kenntnisse in SQL sind ein Plus.</li>
<li>Interesse und/oder erste Erfahrung im Bereich GEO, AI Search oder SEO — du willst diesen Kanal aktiv mitgestalten.</li>
<li>Erste Führungserfahrung oder eine klare Motivation, ein kleines Team zu führen und weiterzuentwickeln.</li>
<li>Hands-on-Mentalität, Eigenverantwortung und Freude an einem dynamischen Start-up-Umfeld.</li>
<li>Sehr gute Deutschkenntnisse (C1 oder höher) und gute Englischkenntnisse.
hast.</li>
</ul>
<h2>Deine Mission bei Cleverly &#x26; Complori</h2>
<ul>
<li><strong>Performance Marketing end-to-end:</strong> Du verantwortest Strategie, Aufsetzen, Steuerung und Optimierung unserer Paid-Kampagnen über Google Ads, Meta, TikTok und YouTube — von Gebotsstrategien über Zielgruppen und Creatives bis zu Landingpages und Tracking.</li>
<li><strong>Detailgetriebene Kampagnen-Optimierung:</strong> Du steuerst datenbasiert über A/B-Tests, Funnel-Analysen und KPIs wie CAC, ROAS und LTV und holst aus jedem Euro Budget die maximale Wirkung heraus.</li>
<li><strong>Content-Marketing &#x26; Organic Social Media:</strong> Du verantwortest unser organisches Content-Marketing auf Social Media, entwickelst Formate und Redaktionsplanung und stärkst die Sichtbarkeit beider Marken.</li>
<li><strong>CRM &#x26; Lifecycle-Marketing:</strong> Du entwickelst unser CRM in HubSpot weiter — mit Lead-Nurturing, E-Mail- und Lifecycle-Kampagnen sowie Marketing-Automatisierungen.</li>
<li><strong>Generative Engine Optimization (GEO):</strong> Du baust unsere Sichtbarkeit in KI-Suchsystemen wie ChatGPT, Perplexity, Gemini und Google AI Overviews auf und weiter aus — damit wir die Antwort sind, wenn Eltern KI nach Lern- und Coding-Angeboten fragen.</li>
<li><strong>Conversion-Rate-Optimierung:</strong> Du optimierst die gesamte Customer Journey — von der Landingpage bis zum Onboarding-Funnel.</li>
<li><strong>Führung &#x26; Entwicklung des Marketing-Teams:</strong> Du führst und entwickelst unser Team aus einer:einem Performance-Marketing-Freelancer:in und einer:einem Werkstudent:in, setzt Prioritäten und gibst klare Richtung.</li>
<li><strong>Budgetverantwortung &#x26; Reporting:</strong> Du steuerst dein Marketingbudget eigenständig und berichtest Ergebnisse und Learnings direkt an die Geschäftsführung.</li>
<li><strong>Aufbau nach dem Merger:</strong> Du etablierst skalierbare Prozesse und einen sauberen Marketing-Tech-Stack und arbeitest eng mit Product, Sales und Content zusammen.</li>
</ul>
<h2>Wir sind der perfekte Fit wenn...</h2>
<p>du</p>
<ul>
<li>Kenntnisse in SEO sowie im Influencer- bzw. Creator-Marketing.</li>
<li>Erfahrung mit weiteren Lifecycle-Kanälen wie Push-Benachrichtigungen.</li>
<li>Erfahrung in der Marketing-Integration nach einem Merger oder im Aufbau einer Marketing-Funktion.</li>
<li>Affinität zu Bildungsthemen und ein Gespür für Eltern als Zielgruppe.
mitbringst.</li>
</ul>
<h2>Was wir dir bieten</h2>
<ul>
<li>Großer Gestaltungsspielraum: Du baust die Marketing-Funktion eines frisch fusionierten EdTech maßgeblich mit auf.</li>
<li>Spürbarer Impact: Dein Marketing erreicht tausende Familien und trägt direkt zur Bildung von Kindern und Jugendlichen bei.</li>
<li>Attraktives Gehalt: <strong>[Gehaltsspanne einsetzen — Orientierung: 58.000–75.000 € brutto p. a., je nach Erfahrung und Qualifikation]</strong></li>
<li>Flexibles Anstellungsmodell: Wir besetzen die Rolle wahlweise in Festanstellung oder auf freiberuflicher Basis.</li>
<li>Arbeiten bevorzugt vor Ort in unserem Berliner Büro — Remote ist ebenfalls möglich; flexible Arbeitszeiten.</li>
<li>Ein erfahrenes, motiviertes Team und kurze Entscheidungswege mit direktem Draht zur Geschäftsführung.</li>
<li>Jährliches Weiterbildungsbudget und moderne Tool-Landschaft.</li>
</ul>
<h2>Startdatum</h2>
<p>Wir suchen idealerweise zum 01.07.2026 oder 01.08.2026</p>
<h2>Gehalt</h2>
<p>50.000 - 62.000€</p>
<p>Find <a href=""https://www.arbeitnow.com/"">Jobs in Germany</a> on Arbeitnow</a>",https://www.arbeitnow.com/jobs/companies/complori/senior-marketing-manager-berlin-330700,"Über Cleverly &#x26; Complori cleverly edu GmbH und codary GmbH bündeln ihre Kräfte. cleverly bietet Online-Nachhilfe und Mentoring für Schüler:innen der Klassen 1 bis 13 und arbeitet mit über 600 qualifizierten Tutor:innen. codary begeistert Kinder von 7 bis 16 Jahren mit gamifizierten, live unterrichteten Programmierkursen und hat bereits über 17.000 Kindern das Coden beigebracht. Gemeinsam entsteht einer der führenden EdTech-Anbieter für Kinder und Jugendliche im DACH-Raum — von schulischem Erfolg bis zu digitalen Zukunftskompetenzen. Für diesen Zusammenschluss bauen wir unser Marketing neu auf und suchen dich als Senior Marketing Manager (m/w/d), um unsere Reichweite und unser Wachstum auf das nächste Level zu heben. Bewirb dich für diesen Job wenn du motiviert bist... und: Mehrjährige Berufserfahrung (idealerweise 4+ Jahre) im Performance- oder Growth-Marketing, bevorzugt im B2C-, Subscription- oder EdTech-Umfeld. Nachweisbare Erfolge beim Aufbau und Skalieren von Paid-Kampagnen über Google Ads und Meta; Erfahrung mit TikTok oder YouTube Ads von Vorteil. Erfahrung im Content-Marketing mit Fokus auf organischem Social Media (z. B. Instagram, TikTok, LinkedIn, YouTube). Fundierte Praxis im CRM-Marketing mit HubSpot — von Lead-Nurturing über E-Mail- und Lifecycle-Kampagnen bis zu Marketing-Automatisierungen. Tiefes Verständnis von Tracking und Attribution (GA4, Server-Side Tracking, Conversion-APIs) sowie eine ausgeprägt datengetriebene Arbeitsweise. Sicherer Umgang mit Analyse-Tools (z. B. GA4, Looker Studio, Tabellenkalkulation); Kenntnisse in SQL sind ein Plus. Interesse und/oder erste Erfahrung im Bereich GEO, AI Search oder SEO — du willst diesen Kanal aktiv mitgestalten. Erste Führungserfahrung oder eine klare Motivation, ein kleines Team zu führen und weiterzuentwickeln. Hands-on-Mentalität, Eigenverantwortung und Freude an einem dynamischen Start-up-Umfeld. Sehr gute Deutschkenntnisse (C1 oder höher) und gute Englischkenntnisse. hast. Deine Mission bei Cleverly &#x26; Complori Performance Marketing end-to-end: Du verantwortest Strategie, Aufsetzen, Steuerung und Optimierung unserer Paid-Kampagnen über Google Ads, Meta, TikTok und YouTube — von Gebotsstrategien über Zielgruppen und Creatives bis zu Landingpages und Tracking. Detailgetriebene Kampagnen-Optimierung: Du steuerst datenbasiert über A/B-Tests, Funnel-Analysen und KPIs wie CAC, ROAS und LTV und holst aus jedem Euro Budget die maximale Wirkung heraus. Content-Marketing &#x26; Organic Social Media: Du verantwortest unser organisches Content-Marketing auf Social Media, entwickelst Formate und Redaktionsplanung und stärkst die Sichtbarkeit beider Marken. CRM &#x26; Lifecycle-Marketing: Du entwickelst unser CRM in HubSpot weiter — mit Lead-Nurturing, E-Mail- und Lifecycle-Kampagnen sowie Marketing-Automatisierungen. Generative Engine Optimization (GEO): Du baust unsere Sichtbarkeit in KI-Suchsystemen wie ChatGPT, Perplexity, Gemini und Google AI Overviews auf und weiter aus — damit wir die Antwort sind, wenn Eltern KI nach Lern- und Coding-Angeboten fragen. Conversion-Rate-Optimierung: Du optimierst die gesamte Customer Journey — von der Landingpage bis zum Onboarding-Funnel. Führung &#x26; Entwicklung des Marketing-Teams: Du führst und entwickelst unser Team aus einer:einem Performance-Marketing-Freelancer:in und einer:einem Werkstudent:in, setzt Prioritäten und gibst klare Richtung. Budgetverantwortung &#x26; Reporting: Du steuerst dein Marketingbudget eigenständig und berichtest Ergebnisse und Learnings direkt an die Geschäftsführung. Aufbau nach dem Merger: Du etablierst skalierbare Prozesse und einen sauberen Marketing-Tech-Stack und arbeitest eng mit Product, Sales und Content zusammen. Wir sind der perfekte Fit wenn... du Kenntnisse in SEO sowie im Influencer- bzw. Creator-Marketing. Erfahrung mit weiteren Lifecycle-Kanälen wie Push-Benachrichtigungen. Erfahrung in der Marketing-Integration nach einem Merger oder im Aufbau einer Marketing-Funktion. Affinität zu Bildungsthemen und ein Gespür für Eltern als Zielgruppe. mitbringst. Was wir dir bieten Großer Gestaltungsspielraum: Du baust die Marketing-Funktion eines frisch fusionierten EdTech maßgeblich mit auf. Spürbarer Impact: Dein Marketing erreicht tausende Familien und trägt direkt zur Bildung von Kindern und Jugendlichen bei. Attraktives Gehalt: [Gehaltsspanne einsetzen — Orientierung: 58.000–75.000 € brutto p. a., je nach Erfahrung und Qualifikation] Flexibles Anstellungsmodell: Wir besetzen die Rolle wahlweise in Festanstellung oder auf freiberuflicher Basis. Arbeiten bevorzugt vor Ort in unserem Berliner Büro — Remote ist ebenfalls möglich; flexible Arbeitszeiten. Ein erfahrenes, motiviertes Team und kurze Entscheidungswege mit direktem Draht zur Geschäftsführung. Jährliches Weiterbildungsbudget und moderne Tool-Landschaft. Startdatum Wir suchen idealerweise zum 01.07.2026 oder 01.08.2026 Gehalt 50.000 - 62.000€ Find Jobs in Germany on Arbeitnow","['sql', 'api']",Database/Backend Role
Senior SAP BTP Developer (m/w/d),MY Humancapital GmbH,Munich,"<p>Im Auftrag unseres Partnerunternehmens in München suchen wir Sie zum nächstmöglichen Zeitpunkt als <strong>„Senior SAP BTP Developer (m/w/d)“.</strong></p>
<h2><strong>Aufgaben</strong></h2>
<ul>
<li>Als Senior SAP BTP Developer (m/w/d) entwickeln und implementieren Sie komplexe Workflow- und Automatisierungslösungen auf Basis der SAP Business Technology Platform</li>
<li>Zudem konzipieren Sie moderne UI- und Formularanwendungen mit SAP Build Apps, Fiori Elements und SAP UI5 und integrieren diese in bestehende Systemlandschaften</li>
<li>Auch entwickeln Sie Backend-Services und Geschäftslogiken mit dem SAP Cloud Application Programming Model (CAP) auf Basis von Node.js</li>
<li>Darüber hinaus verantworten Sie Containerisierung, Deployment und Betrieb cloudbasierter Anwendungen mit Docker sowie Kubernetes bzw. Kyma</li>
<li>Zusätzlich arbeiten Sie eng mit Fachbereichen, Architekten und Entwicklungsteams zusammen und stellen Qualität, Security und Clean-Core-Standards sicher</li>
</ul>
<h2><strong>Qualifikation</strong></h2>
<ul>
<li>Sie verfügen über ein Studium der (Wirtschafts-)Informatik oder eine vergleichbare Qualifikation, z. B. als Fachinformatiker Anwendungsentwicklung (m/w/d) mit relevanter Berufserfahrung</li>
<li>Zudem bringen Sie mehrjährige Erfahrung in der Entwicklung auf der SAP Business Technology Platform mit, insbesondere in SAP Build Process Automation und komplexen Workflow-Szenarien</li>
<li>Auch besitzen Sie fundierte Kenntnisse in SAP Build Apps, Fiori Elements, SAP UI5 sowie in der Entwicklung mit CAP, Node.js, Java und JavaScript</li>
<li>Darüber hinaus haben Sie Erfahrung mit technischen Integrationen über OData- und REST-Schnittstellen sowie mit Docker, Kubernetes oder Kyma</li>
<li>Zudem überzeugen Sie durch analytisches Denkvermögen, hohe Eigenverantwortung und sehr gute Deutsch- und Englischkenntnisse</li>
</ul>
<h2><strong>Benefits</strong></h2>
<ul>
<li><strong>Flexibilität:</strong> Gestalten Sie Ihren Arbeitsalltag flexibel durch Homeoffice-Möglichkeiten und flexiblen Arbeitszeiten</li>
<li><strong>Sicherheit:</strong> Kaum ein Arbeitgeber bietet eine derartige Sicherheit wie der Öffentliche Dienst</li>
<li><strong>Zentrale Lage:</strong> Moderne Büros im Herzen von München mit optimaler Verkehrsanbindung</li>
<li><strong>Weiterbildung:</strong> Profitieren Sie von einem umfassenden Aus- und Weiterbildungsangebot</li>
<li><strong>Team &#x26; Zusammenarbeit:</strong> Sie werden Teil eines offenen und dynamischen Teams, das Sie unterstützt und Ihre persönliche Weiterentwicklung fördert</li>
</ul>
<p>Wir freuen uns auf Ihre Bewerbung. Senden Sie uns einfach Ihre Unterlagen zu – auf ein Anschreiben können Sie gerne verzichten. Für Rückfragen steht Ihnen <strong>Simon Schneider</strong> gerne unter <strong>089 954 287 111</strong> zur Verfügung.</p>
<p>Find <a href=""https://www.arbeitnow.com/"">Jobs in Germany</a> on Arbeitnow</a>",https://www.arbeitnow.com/jobs/companies/my-humancapital-gmbh/senior-sap-btp-developer-munich-375566,"Im Auftrag unseres Partnerunternehmens in München suchen wir Sie zum nächstmöglichen Zeitpunkt als „Senior SAP BTP Developer (m/w/d)“. Aufgaben Als Senior SAP BTP Developer (m/w/d) entwickeln und implementieren Sie komplexe Workflow- und Automatisierungslösungen auf Basis der SAP Business Technology Platform Zudem konzipieren Sie moderne UI- und Formularanwendungen mit SAP Build Apps, Fiori Elements und SAP UI5 und integrieren diese in bestehende Systemlandschaften Auch entwickeln Sie Backend-Services und Geschäftslogiken mit dem SAP Cloud Application Programming Model (CAP) auf Basis von Node.js Darüber hinaus verantworten Sie Containerisierung, Deployment und Betrieb cloudbasierter Anwendungen mit Docker sowie Kubernetes bzw. Kyma Zusätzlich arbeiten Sie eng mit Fachbereichen, Architekten und Entwicklungsteams zusammen und stellen Qualität, Security und Clean-Core-Standards sicher Qualifikation Sie verfügen über ein Studium der (Wirtschafts-)Informatik oder eine vergleichbare Qualifikation, z. B. als Fachinformatiker Anwendungsentwicklung (m/w/d) mit relevanter Berufserfahrung Zudem bringen Sie mehrjährige Erfahrung in der Entwicklung auf der SAP Business Technology Platform mit, insbesondere in SAP Build Process Automation und komplexen Workflow-Szenarien Auch besitzen Sie fundierte Kenntnisse in SAP Build Apps, Fiori Elements, SAP UI5 sowie in der Entwicklung mit CAP, Node.js, Java und JavaScript Darüber hinaus haben Sie Erfahrung mit technischen Integrationen über OData- und REST-Schnittstellen sowie mit Docker, Kubernetes oder Kyma Zudem überzeugen Sie durch analytisches Denkvermögen, hohe Eigenverantwortung und sehr gute Deutsch- und Englischkenntnisse Benefits Flexibilität: Gestalten Sie Ihren Arbeitsalltag flexibel durch Homeoffice-Möglichkeiten und flexiblen Arbeitszeiten Sicherheit: Kaum ein Arbeitgeber bietet eine derartige Sicherheit wie der Öffentliche Dienst Zentrale Lage: Moderne Büros im Herzen von München mit optimaler Verkehrsanbindung Weiterbildung: Profitieren Sie von einem umfassenden Aus- und Weiterbildungsangebot Team &#x26; Zusammenarbeit: Sie werden Teil eines offenen und dynamischen Teams, das Sie unterstützt und Ihre persönliche Weiterentwicklung fördert Wir freuen uns auf Ihre Bewerbung. Senden Sie uns einfach Ihre Unterlagen zu – auf ein Anschreiben können Sie gerne verzichten. Für Rückfragen steht Ihnen Simon Schneider gerne unter 089 954 287 111 zur Verfügung. Find Jobs in Germany on Arbeitnow","['cloud', 'java']",Cloud Engineer
Systemadministrator (m/w/d),MY Humancapital GmbH,Munich,"<p>Unser Partnerunternehmen im Münchner Süden sucht Sie als <strong>„Systemadministrator (m/w/d)“.</strong></p>
<h2><strong>Aufgaben</strong></h2>
<ul>
<li>Als <strong>Systemadministrator (m/w/d)</strong> betreuen Sie die interne Server- und IT-Infrastruktur, einschließlich Windows-, Windows Server- und Linux-Umgebungen</li>
<li>Dabei implementieren Sie neue Softwarelösungen und Systeme, z. B. DATEV, DATEV DMS, PostgreSQL oder GIT, und sorgen für deren reibungslosen Betrieb</li>
<li>Sie planen, erweitern und optimieren die IT-Infrastruktur, einschließlich Servern, VServern, Workstations und mobilen Endgeräten</li>
<li>Sie unterstützen Geschäftspartner und interne Anwender bei Hard- und Softwarefragen im Second Level Support</li>
<li>Zusätzlich dokumentieren Sie Prozesse, führen regelmäßige Systemchecks durch und tragen zur kontinuierlichen Verbesserung der IT-Sicherheit und Performance bei</li>
</ul>
<h2><strong>Qualifikation</strong></h2>
<ul>
<li>Sie bringen eine Ausbildung im IT-Bereich mit, z. B. als Fachinformatiker für Systemintegration (m/w/d), IT-Systemadministrator (m/w/d) oder eine vergleichbare Qualifikation</li>
<li>Zudem verfügen Sie über erste Berufserfahrung als Systemadministrator (m/w/d), im IT-Support (m/w/d) oder einer vergleichbaren Position</li>
<li>Sie verfügen über Erfahrung im Aufbau, der Administration und Pflege von Microsoft-basierten PC-Netzwerken, idealerweise haben Sie Kenntnisse im Umgang mit Linux-Systemen</li>
<li>Sie arbeiten strukturiert, analytisch und bringen Eigeninitiative bei der Lösung technischer Herausforderungen mit</li>
<li>Sehr gute Deutschkenntnisse runden Ihr Profil ab</li>
</ul>
<h2><strong>Benefits</strong></h2>
<ul>
<li><strong>Arbeitgeber:</strong> Das Unternehmen bietet Ihnen ein krisensicheres und zukunftsfähiges Umfeld</li>
<li><strong>Work-Life-Balance:</strong> Genießen Sie die Freiheit durch flexible Arbeitszeiten in Gleitzeit sowie die Möglichkeit im Homeoffice zu arbeiten</li>
<li><strong>Onboarding:</strong> Sie erwartet eine professionelle Einarbeitung von den Experten der Abteilung</li>
<li><strong>Teamspirit:</strong> Sie können sich auf flache Hierarchien, eine Du-Kultur und eine offene Unternehmenskultur freuen</li>
<li><strong>Weitere Benefits:</strong> Kostenfreie Getränke und ein Fitnessraum warten auf Sie</li>
</ul>
<p>Sie finden das Stellenprofil interessant? Dann freuen wir uns auf Ihre Bewerbung. Senden Sie uns Ihre Unterlagen. Für Rückfragen steht Ihnen <strong>Anna-Maria Holz</strong> gerne unter <strong>089 954 287 106</strong> zur Verfügung.</p>
<p>Find <a href=""https://www.arbeitnow.com/"">Jobs in Germany</a> on Arbeitnow</a>",https://www.arbeitnow.com/jobs/companies/my-humancapital-gmbh/systemadministrator-munich-451625,"Unser Partnerunternehmen im Münchner Süden sucht Sie als „Systemadministrator (m/w/d)“. Aufgaben Als Systemadministrator (m/w/d) betreuen Sie die interne Server- und IT-Infrastruktur, einschließlich Windows-, Windows Server- und Linux-Umgebungen Dabei implementieren Sie neue Softwarelösungen und Systeme, z. B. DATEV, DATEV DMS, PostgreSQL oder GIT, und sorgen für deren reibungslosen Betrieb Sie planen, erweitern und optimieren die IT-Infrastruktur, einschließlich Servern, VServern, Workstations und mobilen Endgeräten Sie unterstützen Geschäftspartner und interne Anwender bei Hard- und Softwarefragen im Second Level Support Zusätzlich dokumentieren Sie Prozesse, führen regelmäßige Systemchecks durch und tragen zur kontinuierlichen Verbesserung der IT-Sicherheit und Performance bei Qualifikation Sie bringen eine Ausbildung im IT-Bereich mit, z. B. als Fachinformatiker für Systemintegration (m/w/d), IT-Systemadministrator (m/w/d) oder eine vergleichbare Qualifikation Zudem verfügen Sie über erste Berufserfahrung als Systemadministrator (m/w/d), im IT-Support (m/w/d) oder einer vergleichbaren Position Sie verfügen über Erfahrung im Aufbau, der Administration und Pflege von Microsoft-basierten PC-Netzwerken, idealerweise haben Sie Kenntnisse im Umgang mit Linux-Systemen Sie arbeiten strukturiert, analytisch und bringen Eigeninitiative bei der Lösung technischer Herausforderungen mit Sehr gute Deutschkenntnisse runden Ihr Profil ab Benefits Arbeitgeber: Das Unternehmen bietet Ihnen ein krisensicheres und zukunftsfähiges Umfeld Work-Life-Balance: Genießen Sie die Freiheit durch flexible Arbeitszeiten in Gleitzeit sowie die Möglichkeit im Homeoffice zu arbeiten Onboarding: Sie erwartet eine professionelle Einarbeitung von den Experten der Abteilung Teamspirit: Sie können sich auf flache Hierarchien, eine Du-Kultur und eine offene Unternehmenskultur freuen Weitere Benefits: Kostenfreie Getränke und ein Fitnessraum warten auf Sie Sie finden das Stellenprofil interessant? Dann freuen wir uns auf Ihre Bewerbung. Senden Sie uns Ihre Unterlagen. Für Rückfragen steht Ihnen Anna-Maria Holz gerne unter 089 954 287 106 zur Verfügung. Find Jobs in Germany on Arbeitnow",['sql'],Database/Backend Role
Vertriebscontroller im Bankenumfeld (m/w/d),MY Humancapital GmbH,Munich,"<p>Im Auftrag unseres Partnerunternehmens in München suchen wir Sie zum nächstmöglichen Zeitpunkt als <strong>„Vertriebscontroller im Bankenumfeld (m/w/d)“.</strong></p>
<h2><strong>Aufgaben</strong></h2>
<ul>
<li>Als <strong>Vertriebscontroller im Bankenumfeld (m/w/d)</strong> erstellen Sie datenbasierte Reports, Kundenpotenzial-Analysen und Forecasts, um die Vertriebsstrategie zu stärken</li>
<li>Dabei überwachen Sie Vertriebskennzahlen, analysieren Soll-Ist-Abweichungen und unterstützen bei der Zielerreichung</li>
<li>Sie beraten das Vertriebsmanagement strategisch bei der Definition relevanter Handlungsfelder und begleiten Zielplanungsprozesse</li>
<li>Außerdem liefern Sie kontinuierlich Steuerungsdaten und KPI-Analysen zur Optimierung des Vertriebserfolgs</li>
<li>Sie sind verantwortlich für die technische und inhaltliche Betreuung der Vertriebs- und Erfolgserfassungssysteme inklusive Workflow-Optimierung und Datenintegration</li>
</ul>
<h2><strong>Qualifikation</strong></h2>
<ul>
<li>Sie bringen eine Ausbildung zum Bankkaufmann (m/w/d), Sparkassenkaufmann (m/w/d), eine Weiterbildung zum Bankfachwirt (m/w/d) oder eine vergleichbare Qualifikation im Bereich Controlling/Vertrieb mit</li>
<li>Sie verfügen über fundierte Erfahrung im Vertriebscontrolling, Datenanalyse und Reporting, idealerweise im Sparkassen- oder Bankenumfeld</li>
<li>Idealerweise haben Sie sicher im Umgang mit Datenbanken, BI-Tools oder ERP-Systemen gearbeitet und Erfahrung mit Vertriebssystemen gesammelt</li>
<li>Sie arbeiten analytisch, strukturiert und ergebnisorientiert; Ihre Kommunikationsstärke, Teamfähigkeit und Kundenorientierung zeichnen Sie aus</li>
<li>Sehr gute Deutschkenntnisse zeichnen Sie aus</li>
</ul>
<h2><strong>Benefits</strong></h2>
<ul>
<li><strong>Langfristige Jobmöglichkeit:</strong> Das Unternehmen sucht langfristige Unterstützung im Rahmen einer unbefristeten Festanstellung</li>
<li><strong>Work-Life-Balance:</strong> Freuen Sie sich auf flexible Arbeitszeiten mit anteiliger Homeoffice-Möglichkeit</li>
<li><strong>Zentrale Lage:</strong> Das Unternehmen befindet sich im Herzen Münchens</li>
<li><strong>Wertschätzende Arbeitskultur:</strong> Die Abteilung legt großen Wert auf ein positives Miteinander. Sie erwartet eine Du-Kultur und ein spürbares Vertrauen der Führungskräfte</li>
<li><strong>Modernes Umfeld</strong>: Sie erwartet eine moderne Arbeitsumgebung, mit neuesten Gerätschaften</li>
<li><strong>Weiterentwicklung</strong>: Das Unternehmen bietet zahlreiche Weiterbildungs- und Entwicklungsmöglichkeiten</li>
</ul>
<p>Sie finden das Stellenprofil interessant? Dann freuen wir uns auf Ihre Bewerbung. Senden Sie uns Ihre Unterlagen. Für Rückfragen steht Ihnen <strong>Veronica Wild</strong> gerne unter 089 954 287 106 zur Verfügung.</p>
<p>Find <a href=""https://www.arbeitnow.com/"">Jobs in Germany</a> on Arbeitnow</a>",https://www.arbeitnow.com/jobs/companies/my-humancapital-gmbh/vertriebscontroller-im-bankenumfeld-munich-85684,"Im Auftrag unseres Partnerunternehmens in München suchen wir Sie zum nächstmöglichen Zeitpunkt als „Vertriebscontroller im Bankenumfeld (m/w/d)“. Aufgaben Als Vertriebscontroller im Bankenumfeld (m/w/d) erstellen Sie datenbasierte Reports, Kundenpotenzial-Analysen und Forecasts, um die Vertriebsstrategie zu stärken Dabei überwachen Sie Vertriebskennzahlen, analysieren Soll-Ist-Abweichungen und unterstützen bei der Zielerreichung Sie beraten das Vertriebsmanagement strategisch bei der Definition relevanter Handlungsfelder und begleiten Zielplanungsprozesse Außerdem liefern Sie kontinuierlich Steuerungsdaten und KPI-Analysen zur Optimierung des Vertriebserfolgs Sie sind verantwortlich für die technische und inhaltliche Betreuung der Vertriebs- und Erfolgserfassungssysteme inklusive Workflow-Optimierung und Datenintegration Qualifikation Sie bringen eine Ausbildung zum Bankkaufmann (m/w/d), Sparkassenkaufmann (m/w/d), eine Weiterbildung zum Bankfachwirt (m/w/d) oder eine vergleichbare Qualifikation im Bereich Controlling/Vertrieb mit Sie verfügen über fundierte Erfahrung im Vertriebscontrolling, Datenanalyse und Reporting, idealerweise im Sparkassen- oder Bankenumfeld Idealerweise haben Sie sicher im Umgang mit Datenbanken, BI-Tools oder ERP-Systemen gearbeitet und Erfahrung mit Vertriebssystemen gesammelt Sie arbeiten analytisch, strukturiert und ergebnisorientiert; Ihre Kommunikationsstärke, Teamfähigkeit und Kundenorientierung zeichnen Sie aus Sehr gute Deutschkenntnisse zeichnen Sie aus Benefits Langfristige Jobmöglichkeit: Das Unternehmen sucht langfristige Unterstützung im Rahmen einer unbefristeten Festanstellung Work-Life-Balance: Freuen Sie sich auf flexible Arbeitszeiten mit anteiliger Homeoffice-Möglichkeit Zentrale Lage: Das Unternehmen befindet sich im Herzen Münchens Wertschätzende Arbeitskultur: Die Abteilung legt großen Wert auf ein positives Miteinander. Sie erwartet eine Du-Kultur und ein spürbares Vertrauen der Führungskräfte Modernes Umfeld : Sie erwartet eine moderne Arbeitsumgebung, mit neuesten Gerätschaften Weiterentwicklung : Das Unternehmen bietet zahlreiche Weiterbildungs- und Entwicklungsmöglichkeiten Sie finden das Stellenprofil interessant? Dann freuen wir uns auf Ihre Bewerbung. Senden Sie uns Ihre Unterlagen. Für Rückfragen steht Ihnen Veronica Wild gerne unter 089 954 287 106 zur Verfügung. Find Jobs in Germany on Arbeitnow",[],Data Analyst
Team Lead Support (2nd & 3rd Level) (m/f/d),SIDES (SimplyDelivery GmbH),Berlin,"<h2>Your mission</h2>
<p>As the Team Lead Support (2nd &#x26; 3rd Level), you will play a key role in ensuring technical excellence and operational reliability across SIDES’ product ecosystem. You will lead a team of experienced technical specialists, act as the escalation point for complex cases, and serve as the link between Customer Support, DevOps, and Product Engineering. This role combines leadership, hands-on technical expertise, and process ownership to deliver outstanding customer experiences and system stability.</p>
<p>Key Responsibilities:</p>
<p>Team Leadership &#x26; Development</p>
<ul>
<li>Lead, mentor, and develop the 2nd &#x26; 3rd Level Support team, fostering ownership, expertise, and customer focus.</li>
<li>Contribute to onboarding and continuous training initiatives within the Support department.</li>
</ul>
<p>Technical Escalation &#x26; Incident Management</p>
<ul>
<li>Oversee the resolution of complex technical issues, including API, integration, and backend-related incidents.</li>
<li>Manage the full incident lifecycle: prioritization, communication, root-cause analysis, and post-mortem reviews.</li>
<li>Serve as escalation contact for key enterprise customers in collaboration with Customer Success and Account Management.</li>
</ul>
<p>Cross-Functional Collaboration</p>
<ul>
<li>Ensure smooth cooperation and knowledge transfer between 1st, 2nd, and 3rd Level Support.</li>
<li>Work closely with Product, QA, and DevOps teams to identify recurring issues and drive product stability improvements.</li>
<li>Monitor critical system alerts and coordinate timely resolutions with internal stakeholders.</li>
<li>Maintain and enhance AI-driven automations, such as:
<ul>
<li>Automated ticket classification &#x26; routing</li>
<li>AI-based CRM data cleaning</li>
<li>Automated report generation</li>
<li>Contract data extraction &#x26; validation</li>
<li>Forecasting, anomaly detection &#x26; alerts</li>
<li>Support the development of an internal AI Enablement Framework.</li>
</ul>
</li>
</ul>
<p>Process Optimization &#x26; Reporting</p>
<ul>
<li>Track and report key performance metrics such as SLA compliance, backlog trends, and customer impact.</li>
<li>Maintain and expand internal documentation, runbooks, and troubleshooting guides.</li>
<li>Support the continuous improvement of support workflows, escalation procedures, and communication standards.</li>
</ul>
<h2>Your profile</h2>
<p>Experience</p>
<ul>
<li>3+ years of experience in technical or application support, ideally within SaaS, POS, or IT service environments.</li>
<li>Proven leadership experience or a strong ambition to grow into a team lead role.</li>
</ul>
<p>Technical Skills</p>
<ul>
<li>Strong understanding of APIs, databases, and network infrastructure, paired with hands-on troubleshooting expertise.</li>
<li>Experience with support and collaboration tools such as Zoho Desk, Jira, Confluence, and AWS environments.</li>
</ul>
<p>Soft Skills</p>
<ul>
<li>Analytical, structured, and solution-oriented mindset.</li>
<li>Excellent communication and stakeholder management abilities.</li>
<li>Fluent in both German and English (written and spoken).</li>
</ul>
<h2>Perks &#x26; Benefits</h2>
<h2>What you can expect from us:</h2>
<ul>
<li>A recipe for success: With over a decade of experience in the gastronomy and delivery industry, SIDES is known as a true specialist in this field. Join a leading player and help shape the future of the market.</li>
<li>Ownership &#x26; impact: We give you the space to bring in your ideas, grow your strengths, and take real responsibility. You’ll work independently while being supported by a strong and collaborative team.</li>
<li>High-quality work setup: Modern hardware, ergonomic workstations, and a professional office environment ensure you can do your best work.</li>
<li>Hungry for growth: Continuous learning matters to us. Through regular feedback cycles, we actively support your personal and professional development.</li>
<li>A positive workplace culture: Enjoy a welcoming atmosphere, a trusting team culture, and our well-connected office in the heart of Berlin (Südkreuz).</li>
<li>Workplace Environment Perks:
<ul>
<li>Central office location in Berlin</li>
<li>Regular office and team events</li>
<li>Snacks and drinks in the office</li>
<li>SIDES Library</li>
<li>Dog-friendly workplace</li>
<li>Onboarding lunch to help you settle in and connect with the team</li>
</ul>
</li>
<li>Your Benefits:
<ul>
<li>€50 monthly benefit allowance - your choice:<br>
* JobRad<br>
* Deutschlandticket<br>
* Company pension scheme (bAV)<br>
* Wellhub</li>
<li>Urban Sports Club: Discounted membership with access to fitness, classes, and wellness activities.</li>
<li>Instahelp: Professional mental health support, available whenever you need it.</li>
<li>Babbel: Free access to Babbel for flexible language learning.</li>
<li>INCENT &#x26; Corporate Benefits: Attractive employee discounts and exclusive partner offers.</li>
<li>Hybrid work: A mix of office and home office, depending on your role and team.</li>
<li>Flexible working hours: Working hours that fit your daily life and offer real flexibility.</li>
<li>December 24th &#x26; 31st off: Fully off without deducting vacation days.</li>
<li>Company events: Our annual highlights - the SIDES Summer Party and our Christmas Get-together.
<em>Sounds exactly like what you were looking for? Then we look forward to receiving your meaningful application, including your salary expectations and earliest start date.</em></li>
</ul>
</li>
</ul>
<p>Find more <a href=""https://www.arbeitnow.com/english-speaking-jobs"">English Speaking Jobs in Germany</a> on Arbeitnow</a>",https://www.arbeitnow.com/jobs/companies/sides-simplydelivery-gmbh/team-lead-support-2nd-3rd-level-berlin-212202,"Your mission As the Team Lead Support (2nd &#x26; 3rd Level), you will play a key role in ensuring technical excellence and operational reliability across SIDES’ product ecosystem. You will lead a team of experienced technical specialists, act as the escalation point for complex cases, and serve as the link between Customer Support, DevOps, and Product Engineering. This role combines leadership, hands-on technical expertise, and process ownership to deliver outstanding customer experiences and system stability. Key Responsibilities: Team Leadership &#x26; Development Lead, mentor, and develop the 2nd &#x26; 3rd Level Support team, fostering ownership, expertise, and customer focus. Contribute to onboarding and continuous training initiatives within the Support department. Technical Escalation &#x26; Incident Management Oversee the resolution of complex technical issues, including API, integration, and backend-related incidents. Manage the full incident lifecycle: prioritization, communication, root-cause analysis, and post-mortem reviews. Serve as escalation contact for key enterprise customers in collaboration with Customer Success and Account Management. Cross-Functional Collaboration Ensure smooth cooperation and knowledge transfer between 1st, 2nd, and 3rd Level Support. Work closely with Product, QA, and DevOps teams to identify recurring issues and drive product stability improvements. Monitor critical system alerts and coordinate timely resolutions with internal stakeholders. Maintain and enhance AI-driven automations, such as: Automated ticket classification &#x26; routing AI-based CRM data cleaning Automated report generation Contract data extraction &#x26; validation Forecasting, anomaly detection &#x26; alerts Support the development of an internal AI Enablement Framework. Process Optimization &#x26; Reporting Track and report key performance metrics such as SLA compliance, backlog trends, and customer impact. Maintain and expand internal documentation, runbooks, and troubleshooting guides. Support the continuous improvement of support workflows, escalation procedures, and communication standards. Your profile Experience 3+ years of experience in technical or application support, ideally within SaaS, POS, or IT service environments. Proven leadership experience or a strong ambition to grow into a team lead role. Technical Skills Strong understanding of APIs, databases, and network infrastructure, paired with hands-on troubleshooting expertise. Experience with support and collaboration tools such as Zoho Desk, Jira, Confluence, and AWS environments. Soft Skills Analytical, structured, and solution-oriented mindset. Excellent communication and stakeholder management abilities. Fluent in both German and English (written and spoken). Perks &#x26; Benefits What you can expect from us: A recipe for success: With over a decade of experience in the gastronomy and delivery industry, SIDES is known as a true specialist in this field. Join a leading player and help shape the future of the market. Ownership &#x26; impact: We give you the space to bring in your ideas, grow your strengths, and take real responsibility. You’ll work independently while being supported by a strong and collaborative team. High-quality work setup: Modern hardware, ergonomic workstations, and a professional office environment ensure you can do your best work. Hungry for growth: Continuous learning matters to us. Through regular feedback cycles, we actively support your personal and professional development. A positive workplace culture: Enjoy a welcoming atmosphere, a trusting team culture, and our well-connected office in the heart of Berlin (Südkreuz). Workplace Environment Perks: Central office location in Berlin Regular office and team events Snacks and drinks in the office SIDES Library Dog-friendly workplace Onboarding lunch to help you settle in and connect with the team Your Benefits: €50 monthly benefit allowance - your choice: * JobRad * Deutschlandticket * Company pension scheme (bAV) * Wellhub Urban Sports Club: Discounted membership with access to fitness, classes, and wellness activities. Instahelp: Professional mental health support, available whenever you need it. Babbel: Free access to Babbel for flexible language learning. INCENT &#x26; Corporate Benefits: Attractive employee discounts and exclusive partner offers. Hybrid work: A mix of office and home office, depending on your role and team. Flexible working hours: Working hours that fit your daily life and offer real flexibility. December 24th &#x26; 31st off: Fully off without deducting vacation days. Company events: Our annual highlights - the SIDES Summer Party and our Christmas Get-together. Sounds exactly like what you were looking for? Then we look forward to receiving your meaningful application, including your salary expectations and earliest start date. Find more English Speaking Jobs in Germany on Arbeitnow","['excel', 'aws', 'database', 'api']",Data Analyst
Bilanzkreis- und Portfoliomanager:in (m/w/d),Impuls Energy Trading GmbH,Cologne,"<p><strong>Wir sind Impuls Energy Trading – ein junges, innovatives Stromhandelsunternehmen mit Fokus auf erneuerbare Energien und flexible Einheiten wie Batterien.</strong> Seit 2023 handeln wir an der EPEX Spot und managen inzwischen über 2.800 Anlagen mit mehr als 3.000 MW. In kurzer Zeit sind wir zu einem relevanten Player in der deutschen Stromwirtschaft geworden – und wachsen seit 2024 profitabel weiter.</p>
<p>Der kurzfristige Stromhandel spielt eine Schlüsselrolle in einem Stromsystem mit 100 % erneuerbaren Energien. Volatilität, Unsicherheiten und Echtzeit-Dynamik erfordern schnelle Entscheidungen und starke Teams. Genau hier setzen wir an: mit datenbasiertem Handel, klaren Strategien und modernster Technologie – und mit Menschen, die Verantwortung übernehmen wollen.</p>
<p><strong>Als Bilanzkreis- und Portfoliomanager:in bei Impuls bringst du die Energiewende direkt ins Marktgeschehen.</strong> Du behältst die Abläufe eines hochdynamischen Portfolios im Blick und sorgst dafür, dass Prozesse auch unter Volatilität zuverlässig greifen – ein entscheidender Beitrag für ein funktionierendes Energiesystem.</p>
<p><strong>Werde Teil unseres Teams – und gestalte aktiv mit uns den Strommarkt von morgen.</strong></p>
<h2>Aufgaben</h2>
<ul>
<li>Du verantwortest die operative Umsetzung und das Monitoring zentraler Markt- und Geschäftsprozesse und stellst sicher, dass unser Portfolio im Tagesgeschäft zuverlässig läuft.</li>
<li>Du behältst unser Erzeugungsportfolio jederzeit im Blick, erkennst Auffälligkeiten frühzeitig und sicherst eine hohe Qualität der zugrunde liegenden Daten und Abläufe.</li>
<li>Du wirkst an der Bewertung und Bepreisung von Anlagen und Portfolios mit und bringst das Pricing aktiv in den operativen Austausch mit Kunden ein.</li>
<li>Du entwickelst bestehende Prozesse und Systeme kontinuierlich weiter und machst sie robuster, effizienter und skalierbarer.</li>
<li>Du analysierst komplexe Zusammenhänge und entwickelst pragmatische, umsetzbare Lösungen.</li>
<li>Du arbeitest eng mit Kunden, Marktpartnern und Dienstleistern zusammen und stellst funktionierende Schnittstellen im operativen Betrieb sicher.</li>
</ul>
<h2>Qualifikation</h2>
<ul>
<li>Abgeschlossenes Studium in Energiewirtschaft, Wirtschaftsingenieurwesen, BWL, VWL oder einem vergleichbaren Bereich</li>
<li>Erste Berufserfahrung in der Energiewirtschaft, idealerweise im Portfoliomanagement oder in energielogistischen Prozessen von Vorteil</li>
<li>Ausgeprägtes analytisches Denkvermögen sowie ein sicherer Umgang mit Daten und komplexen Zusammenhängen</li>
<li>Strukturierte, eigenständige Arbeitsweise und ein hohes Maß an Verantwortungsbewusstsein im operativen Tagesgeschäft</li>
<li>Interesse an kommerziellen Fragestellungen wie Pricing und ein gutes Gespür für wirtschaftliche Zusammenhänge</li>
<li>Kommunikationsstärke und Freude an der Zusammenarbeit mit Kunden, Marktpartnern und Dienstleistern</li>
<li>Du hast Lust auf ein dynamisches Umfeld, in dem sich Prozesse schnell weiterentwickeln und du aktiv mitgestalten kannst</li>
<li>Sicherer Umgang mit Excel; Erfahrungen mit Python, SQL oder energiewirtschaftlichen Systemen sind ein Plus</li>
<li>Du beherrschst die deutsche und englische Sprache fließend.</li>
</ul>
<h2>Benefits</h2>
<ul>
<li>Eine steile Lernkurve und einen wertschätzenden Umgang auf Augenhöhe in einem hochmotivierten, jungen Team.</li>
<li>Attraktives Büro direkt am Stadtgarten, zentral in Köln.</li>
<li>Gute öffentliche Verkehrsanbindung (zur KVB und Bahnhof West).</li>
<li>Viel Freiraum und Eigenverantwortung bei abwechslungsreichen Aufgaben in einem neu gegründeten Energiehandelsunternehmen.</li>
<li>Die Möglichkeit, die Energiewende aktiv mitzugestalten.</li>
</ul>
<p><em>Wenn wir Dein Interesse geweckt haben oder noch Fragen offen sind, nimm gerne Kontakt mit uns auf. Wir freuen uns auf Dich!</em></p>
<p>Find more <a href=""https://www.arbeitnow.com/english-speaking-jobs"">English Speaking Jobs in Germany</a> on Arbeitnow</a>",https://www.arbeitnow.com/jobs/companies/impuls-energy-trading-gmbh/bilanzkreis-und-portfoliomanagerin-cologne-139441,"Wir sind Impuls Energy Trading – ein junges, innovatives Stromhandelsunternehmen mit Fokus auf erneuerbare Energien und flexible Einheiten wie Batterien. Seit 2023 handeln wir an der EPEX Spot und managen inzwischen über 2.800 Anlagen mit mehr als 3.000 MW. In kurzer Zeit sind wir zu einem relevanten Player in der deutschen Stromwirtschaft geworden – und wachsen seit 2024 profitabel weiter. Der kurzfristige Stromhandel spielt eine Schlüsselrolle in einem Stromsystem mit 100 % erneuerbaren Energien. Volatilität, Unsicherheiten und Echtzeit-Dynamik erfordern schnelle Entscheidungen und starke Teams. Genau hier setzen wir an: mit datenbasiertem Handel, klaren Strategien und modernster Technologie – und mit Menschen, die Verantwortung übernehmen wollen. Als Bilanzkreis- und Portfoliomanager:in bei Impuls bringst du die Energiewende direkt ins Marktgeschehen. Du behältst die Abläufe eines hochdynamischen Portfolios im Blick und sorgst dafür, dass Prozesse auch unter Volatilität zuverlässig greifen – ein entscheidender Beitrag für ein funktionierendes Energiesystem. Werde Teil unseres Teams – und gestalte aktiv mit uns den Strommarkt von morgen. Aufgaben Du verantwortest die operative Umsetzung und das Monitoring zentraler Markt- und Geschäftsprozesse und stellst sicher, dass unser Portfolio im Tagesgeschäft zuverlässig läuft. Du behältst unser Erzeugungsportfolio jederzeit im Blick, erkennst Auffälligkeiten frühzeitig und sicherst eine hohe Qualität der zugrunde liegenden Daten und Abläufe. Du wirkst an der Bewertung und Bepreisung von Anlagen und Portfolios mit und bringst das Pricing aktiv in den operativen Austausch mit Kunden ein. Du entwickelst bestehende Prozesse und Systeme kontinuierlich weiter und machst sie robuster, effizienter und skalierbarer. Du analysierst komplexe Zusammenhänge und entwickelst pragmatische, umsetzbare Lösungen. Du arbeitest eng mit Kunden, Marktpartnern und Dienstleistern zusammen und stellst funktionierende Schnittstellen im operativen Betrieb sicher. Qualifikation Abgeschlossenes Studium in Energiewirtschaft, Wirtschaftsingenieurwesen, BWL, VWL oder einem vergleichbaren Bereich Erste Berufserfahrung in der Energiewirtschaft, idealerweise im Portfoliomanagement oder in energielogistischen Prozessen von Vorteil Ausgeprägtes analytisches Denkvermögen sowie ein sicherer Umgang mit Daten und komplexen Zusammenhängen Strukturierte, eigenständige Arbeitsweise und ein hohes Maß an Verantwortungsbewusstsein im operativen Tagesgeschäft Interesse an kommerziellen Fragestellungen wie Pricing und ein gutes Gespür für wirtschaftliche Zusammenhänge Kommunikationsstärke und Freude an der Zusammenarbeit mit Kunden, Marktpartnern und Dienstleistern Du hast Lust auf ein dynamisches Umfeld, in dem sich Prozesse schnell weiterentwickeln und du aktiv mitgestalten kannst Sicherer Umgang mit Excel; Erfahrungen mit Python, SQL oder energiewirtschaftlichen Systemen sind ein Plus Du beherrschst die deutsche und englische Sprache fließend. Benefits Eine steile Lernkurve und einen wertschätzenden Umgang auf Augenhöhe in einem hochmotivierten, jungen Team. Attraktives Büro direkt am Stadtgarten, zentral in Köln. Gute öffentliche Verkehrsanbindung (zur KVB und Bahnhof West). Viel Freiraum und Eigenverantwortung bei abwechslungsreichen Aufgaben in einem neu gegründeten Energiehandelsunternehmen. Die Möglichkeit, die Energiewende aktiv mitzugestalten. Wenn wir Dein Interesse geweckt haben oder noch Fragen offen sind, nimm gerne Kontakt mit uns auf. Wir freuen uns auf Dich! Find more English Speaking Jobs in Germany on Arbeitnow","['python', 'sql', 'excel']",Data Analyst
(Senior) PHP Entwickler (m/w/d),hairfree,Darmstadt,"<h3><span style=""color: #f38da3"">Über uns</span></h3><p>Die hairfree GmbH ist Marktführer für dauerhafte <span style=""font-size: 1.1em"">Haarentfernung<span style="""">¹</span></span> in der DACH-Region.</p><p>Mit mehr als 50 Standorten in Deutschland, Österreich und der Schweiz gehören wir zu den bekanntesten Anbietern im Bereich ästhetischer Dienstleistungen und stehen für Qualität, Sicherheit und nachhaltige Ergebnisse.<br />Wir befinden uns in einer umfassenden digitalen Transformation und entwickeln unsere gesamte Systemlandschaft neu.</p><p>Im Zentrum steht der Aufbau eines modernen CRM-Systems, das alle Unternehmensprozesse digital abbildet und automatisiert – von Kundenmanagement über Abrechnung bis hin zu Marketing- und Sales-Automation.</p><p style="";""></p><h3><span style=""color: #f38da3"">Deine Rolle</span></h3><p>Als PHP-Entwickler (m/w/d) wirst du eine zentrale Rolle in der Weiterentwicklung und Skalierung unserer firmeneigenen CRM-Lösung übernehmen, dem digitalen Herzstück unseres Unternehmens für dauerhafte Haarentfernung.</p><p style="";""></p><h3><span style=""font-size: 1.1em""><span style="""">Was dich bei uns erwartet</span></span></h3><ul><li><p>Flexible Arbeitszeiten</p></li><li><p>Homeoffice / hybride Arbeitsmodelle</p></li><li><p>Sehr gutes Arbeitsklima &amp; kollegiales Team</p></li><li><p>Flache Hierarchien &amp; offene Kommunikation</p></li><li><p>Hohe Weiterbildungsmöglichkeiten (Coaching, Academy, interne Trainings)</p></li><li><p>Entwicklungsmöglichkeiten innerhalb des Unternehmens</p></li><li><p>Mitarbeiter-Events &amp; Teamkultur</p></li><li><p>Moderne Arbeitsumgebung &amp; gute Ausstattung</p></li><li><p>Mitarbeiter-Rabatte / Vergünstigungen</p></li><li><p>Gute Erreichbarkeit &amp; Parkplätze</p><p style="";""></p></li></ul><img style=""width: 1883px"" src=""https://recruitee-main.s3.eu-central-1.amazonaws.com/uploads/ubc69e6n43fgnw72nopea9oepls2sh/Header_Collage_neu.jpg"" /><h3></h3><h3><span style=""color: #f38da3"">Deine Aufgaben</span></h3><ul><li><p>Entwicklung und Skalierung der Laravel-basierten CRM-Plattform</p></li><li><p>Backend-Entwicklung mit PHP 8 und Laravel 12</p></li><li><p>Aufbau und Integration von RESTful APIs</p></li><li><p>Anbindung externer Systeme (Payment, DATEV, Kommunikation etc.)</p></li><li><p>Datenbankdesign &amp; Performance-Optimierung (MySQL, PostgreSQL, Redis)</p></li><li><p>Entwicklung von Unit Tests (PHPUnit)</p></li><li><p>Mitarbeit an Architektur und technischen Entscheidungen</p></li><li><p>CI/CD Pipelines mit Docker &amp; GitHub Actions</p></li><li><p>Zusammenarbeit mit Sales, Marketing und Finance</p></li></ul><p style="";""></p><p><strong><span style=""font-size: 1.1em""><span style=""color: #f38da3"">Und das Beste:</span></span></strong><span style=""font-size: 1.1em""> Du wirst von einem erfahrenen Kollegen eingearbeitet und arbeitest Seite an Seite mit einem motivierten Team aus bis zu vier Entwicklern.</span></p><br /><br /><ul><li><p>Abgeschlossenes Studium im Bereich (Medien-/Wirtschafts-)Informatik oder vergleichbare Ausbildung bzw. relevante Berufserfahrung</p></li></ul><ul><li><p>Sehr gute Kenntnisse in PHP (8+) und Laravel (idealerweise Laravel 10/11/12)</p></li><li><p>Erfahrung in der Entwicklung von Webanwendungen und Backend-Systemen</p></li><li><p>Sicherer Umgang mit MySQL und/oder PostgreSQL inkl. Datenmodellierung und Performance-Optimierung</p></li><li><p>Erfahrung mit RESTful APIs und Integration externer Systeme</p></li><li><p>Kenntnisse in JavaScript und idealerweise <a rel=""noopener"" target=""_blank"" href=""http://Vue.js"">Vue.js</a></p></li><li><p>Erfahrung mit Unit Testing (z. B. PHPUnit)</p></li><li><p>Sicherer Umgang mit Git sowie Verständnis für CI/CD-Prozesse (z. B. GitHub Actions, Docker)</p></li><li><p>Analytische, strukturierte und lösungsorientierte Arbeitsweise mit hohem Qualitätsanspruch (Clean Code)</p></li><li><p>Sehr gute Deutschkenntnisse sowie gute Englischkenntnisse in der technischen Kommunikation</p></li></ul><p style="";""></p><h3>Warum hairfree? </h3><img style=""width: 1536px"" src=""https://recruitee-main.s3.eu-central-1.amazonaws.com/uploads/t5btl8rlsm3gyc3cp38o63h5maoycs/2a37103e-1665-4794-9b0c-06a4e4527cb0.png"" /><p style="";""></p><p><strong><span style=""color: #f38da3"">Klingt nach deiner nächsten Herausforderung?</span></strong></p><p>Dann freuen wir uns auf deine Bewerbung und darauf, dich kennenzulernen. Der Bewerbungsprozess ist bei uns unkompliziert und schnell, du musst kein langes Anschreiben vorbereiten, ein kurzer Lebenslauf reicht uns für den Start völlig aus.</p><p>Wenn du Fragen zur Position, zum Tech-Stack oder zum Team hast, melde dich jederzeit gerne direkt bei uns. Wir geben dir offen und ehrlich einen Einblick in die Rolle und unser Projekt.</p><p style="";""></p><p><strong>Kontakt für Rückfragen:</strong></p><p>Ansprechpartner:  Wahib Chad</p><p>E-Mail: <a rel=""noopener"" target=""_blank"" ---------- />Telefon: <span style=""color: #5a5f72"">06151 9510280</span></p><p style="";""></p><p>Alternativ kannst du dich natürlich auch direkt hier über das Portal bewerben. </p><p>Wir melden uns zeitnah bei dir zurück.</p><img style=""width: 1000px"" src=""https://recruitee-main.s3.eu-central-1.amazonaws.com/uploads/clu2bml2tvac9sdmcrwyulp5rkw3e1/Siegel_Reihe_Signatur_2026.png"" /><p>Find <a href=""https://www.arbeitnow.com/"">Jobs in Germany</a> on Arbeitnow</a>",https://www.arbeitnow.com/jobs/companies/hairfree/senior-php-entwickler-darmstadt-18600,"Über uns Die hairfree GmbH ist Marktführer für dauerhafte Haarentfernung ¹ in der DACH-Region. Mit mehr als 50 Standorten in Deutschland, Österreich und der Schweiz gehören wir zu den bekanntesten Anbietern im Bereich ästhetischer Dienstleistungen und stehen für Qualität, Sicherheit und nachhaltige Ergebnisse. Wir befinden uns in einer umfassenden digitalen Transformation und entwickeln unsere gesamte Systemlandschaft neu. Im Zentrum steht der Aufbau eines modernen CRM-Systems, das alle Unternehmensprozesse digital abbildet und automatisiert – von Kundenmanagement über Abrechnung bis hin zu Marketing- und Sales-Automation. Deine Rolle Als PHP-Entwickler (m/w/d) wirst du eine zentrale Rolle in der Weiterentwicklung und Skalierung unserer firmeneigenen CRM-Lösung übernehmen, dem digitalen Herzstück unseres Unternehmens für dauerhafte Haarentfernung. Was dich bei uns erwartet Flexible Arbeitszeiten Homeoffice / hybride Arbeitsmodelle Sehr gutes Arbeitsklima &amp; kollegiales Team Flache Hierarchien &amp; offene Kommunikation Hohe Weiterbildungsmöglichkeiten (Coaching, Academy, interne Trainings) Entwicklungsmöglichkeiten innerhalb des Unternehmens Mitarbeiter-Events &amp; Teamkultur Moderne Arbeitsumgebung &amp; gute Ausstattung Mitarbeiter-Rabatte / Vergünstigungen Gute Erreichbarkeit &amp; Parkplätze Deine Aufgaben Entwicklung und Skalierung der Laravel-basierten CRM-Plattform Backend-Entwicklung mit PHP 8 und Laravel 12 Aufbau und Integration von RESTful APIs Anbindung externer Systeme (Payment, DATEV, Kommunikation etc.) Datenbankdesign &amp; Performance-Optimierung (MySQL, PostgreSQL, Redis) Entwicklung von Unit Tests (PHPUnit) Mitarbeit an Architektur und technischen Entscheidungen CI/CD Pipelines mit Docker &amp; GitHub Actions Zusammenarbeit mit Sales, Marketing und Finance Und das Beste: Du wirst von einem erfahrenen Kollegen eingearbeitet und arbeitest Seite an Seite mit einem motivierten Team aus bis zu vier Entwicklern. Abgeschlossenes Studium im Bereich (Medien-/Wirtschafts-)Informatik oder vergleichbare Ausbildung bzw. relevante Berufserfahrung Sehr gute Kenntnisse in PHP (8+) und Laravel (idealerweise Laravel 10/11/12) Erfahrung in der Entwicklung von Webanwendungen und Backend-Systemen Sicherer Umgang mit MySQL und/oder PostgreSQL inkl. Datenmodellierung und Performance-Optimierung Erfahrung mit RESTful APIs und Integration externer Systeme Kenntnisse in JavaScript und idealerweise Vue.js Erfahrung mit Unit Testing (z. B. PHPUnit) Sicherer Umgang mit Git sowie Verständnis für CI/CD-Prozesse (z. B. GitHub Actions, Docker) Analytische, strukturierte und lösungsorientierte Arbeitsweise mit hohem Qualitätsanspruch (Clean Code) Sehr gute Deutschkenntnisse sowie gute Englischkenntnisse in der technischen Kommunikation Warum hairfree? Klingt nach deiner nächsten Herausforderung? Dann freuen wir uns auf deine Bewerbung und darauf, dich kennenzulernen. Der Bewerbungsprozess ist bei uns unkompliziert und schnell, du musst kein langes Anschreiben vorbereiten, ein kurzer Lebenslauf reicht uns für den Start völlig aus. Wenn du Fragen zur Position, zum Tech-Stack oder zum Team hast, melde dich jederzeit gerne direkt bei uns. Wir geben dir offen und ehrlich einen Einblick in die Rolle und unser Projekt. Kontakt für Rückfragen: Ansprechpartner: Wahib Chad E-Mail: Telefon: 06151 9510280 Alternativ kannst du dich natürlich auch direkt hier über das Portal bewerben. Wir melden uns zeitnah bei dir zurück. Find Jobs in Germany on Arbeitnow","['sql', 'java', 'api']",Data Engineer
DevOps Consultant (M/E/N/S/C/H)),Digital Workout GmbH,Grünwald,"<p>Wir sind ein vollständig auf IT Infrastruktur und Cloud-Services ausgerichtetes Beratungsunternehmen. Unser Fokus liegt dabei auf Public/Private/Hybrid Cloud Lösungen, die sicher und compliant implementiert und in Form von Managed Services betrieben werden. Aufbauend auf den Cloud Services konzipieren und implementieren wir Lösungen rund um den modernen Arbeitsplatz und für Kollaborationsplattformen.</p>
<p>Wir verstehen die branchenspezifischen Geschäftsanforderungen und Herausforderungen an die IT. Wir verstehen aber auch die Anforderungen und Pflichten an uns, als Arbeitgeber, und arbeiten deshalb kontinuierlich daran, den besten Arbeitsplatz für unsere Mitarbeitenden zu schaffen.</p>
<p>Aktuell suchen wir ab sofort einen <strong>DevOps Consultant (M/E/N/S/C/H):</strong></p>
<h2>Aufgaben</h2>
<ul>
<li>Entwicklung und Wartung moderner, responsiver Webanwendungen mit React (Hooks, Context API, Tailwind)</li>
<li>Integration von ArcGIS-Diensten (ArcGIS REST API, ArcGIS JS SDK, Feature Layers, Map Services)</li>
<li>Entwicklung von Schnittstellen in Zusammenarbeit mit Backend-Entwicklern und den Fachabteilungen (REST, GraphQL)</li>
<li>Client-seitige Implementierung von Authentifizierung (OAuth 2.0, OIDC) und Autorisierung (Open Policy Agent)</li>
<li>Code-Reviews, Testing und Dokumentation zur Sicherstellung von Qualität und Wartbarkeit</li>
<li>Management von externen Assets in File-Storage Services (basierend auf minio/S3), Bereitstellung von Upload-, Download- und Dateimanagement Funktionalität</li>
</ul>
<h2>Qualifikation</h2>
<ul>
<li>Mehrjährige Berufserfahrung in den verschiedenen Konzeptionsphasen von IT-Projekten oder im Umgang mit Microsoft Azure &#x26;</li>
<li>Gute Kenntnisse der wichtigsten DevOps-Technologien</li>
<li>Erfahrungen im Aufsatz und der Entwicklung von CI/CD-Pipelines</li>
<li>Fähigkeit, Kundenziele und Kundenmotive zu verstehen und in geeigneten Lösungskonzepten umzusetzen</li>
</ul>
<h2>Benefits</h2>
<ul>
<li><strong>Dein Arbeitsumfeld:</strong> flache Hierarchien, Start Up Mentalität, Feelgood Kultur, Collaboration, Impact Driven, Technologie Stack</li>
<li><strong>Deine Work-Life-Balance:</strong> Remote Work deutschlandweit, 30 Urlaubstage jährlich, Corporate Benefits</li>
<li><strong>Dein Arbeitsplatz:</strong> unbefristetes Arbeitsverhältnis, Möglichkeit auf Verkürzung der Probezeit, VWL ab dem ersten Tag, aktuelle Hardware angepasst an Deine Bedürfnisse, Dienstwagen, Edenred Card</li>
<li><strong>Deine persönliche Entwicklung:</strong> Ideenfreiraum, Selbstorganisation, spannende Projekte, Weiterbildungsangebote</li>
<li><strong>Unsere Kommunikation:</strong> offen und transparent, kurze Entscheidungswege</li>
</ul>
<p>Klingt spannend? Dann werde Teil unserer gemeinsamen Journey und gestalte die Zukunft unserer Kunden aktiv mit! Bei Fragen steht Dir das Recruiting Team gerne per E-Mail unter ----- com zur Verfügung.</p>
<p>Find more <a href=""https://www.arbeitnow.com/english-speaking-jobs"">English Speaking Jobs in Germany</a> on Arbeitnow</a>",https://www.arbeitnow.com/jobs/companies/digital-workout-gmbh/devops-consultant-grunwald-57428,"Wir sind ein vollständig auf IT Infrastruktur und Cloud-Services ausgerichtetes Beratungsunternehmen. Unser Fokus liegt dabei auf Public/Private/Hybrid Cloud Lösungen, die sicher und compliant implementiert und in Form von Managed Services betrieben werden. Aufbauend auf den Cloud Services konzipieren und implementieren wir Lösungen rund um den modernen Arbeitsplatz und für Kollaborationsplattformen. Wir verstehen die branchenspezifischen Geschäftsanforderungen und Herausforderungen an die IT. Wir verstehen aber auch die Anforderungen und Pflichten an uns, als Arbeitgeber, und arbeiten deshalb kontinuierlich daran, den besten Arbeitsplatz für unsere Mitarbeitenden zu schaffen. Aktuell suchen wir ab sofort einen DevOps Consultant (M/E/N/S/C/H): Aufgaben Entwicklung und Wartung moderner, responsiver Webanwendungen mit React (Hooks, Context API, Tailwind) Integration von ArcGIS-Diensten (ArcGIS REST API, ArcGIS JS SDK, Feature Layers, Map Services) Entwicklung von Schnittstellen in Zusammenarbeit mit Backend-Entwicklern und den Fachabteilungen (REST, GraphQL) Client-seitige Implementierung von Authentifizierung (OAuth 2.0, OIDC) und Autorisierung (Open Policy Agent) Code-Reviews, Testing und Dokumentation zur Sicherstellung von Qualität und Wartbarkeit Management von externen Assets in File-Storage Services (basierend auf minio/S3), Bereitstellung von Upload-, Download- und Dateimanagement Funktionalität Qualifikation Mehrjährige Berufserfahrung in den verschiedenen Konzeptionsphasen von IT-Projekten oder im Umgang mit Microsoft Azure &#x26; Gute Kenntnisse der wichtigsten DevOps-Technologien Erfahrungen im Aufsatz und der Entwicklung von CI/CD-Pipelines Fähigkeit, Kundenziele und Kundenmotive zu verstehen und in geeigneten Lösungskonzepten umzusetzen Benefits Dein Arbeitsumfeld: flache Hierarchien, Start Up Mentalität, Feelgood Kultur, Collaboration, Impact Driven, Technologie Stack Deine Work-Life-Balance: Remote Work deutschlandweit, 30 Urlaubstage jährlich, Corporate Benefits Dein Arbeitsplatz: unbefristetes Arbeitsverhältnis, Möglichkeit auf Verkürzung der Probezeit, VWL ab dem ersten Tag, aktuelle Hardware angepasst an Deine Bedürfnisse, Dienstwagen, Edenred Card Deine persönliche Entwicklung: Ideenfreiraum, Selbstorganisation, spannende Projekte, Weiterbildungsangebote Unsere Kommunikation: offen und transparent, kurze Entscheidungswege Klingt spannend? Dann werde Teil unserer gemeinsamen Journey und gestalte die Zukunft unserer Kunden aktiv mit! Bei Fragen steht Dir das Recruiting Team gerne per E-Mail unter ----- com zur Verfügung. Find more English Speaking Jobs in Germany on Arbeitnow","['azure', 'cloud', 'api']",Data Engineer
Teamleiter / Team Lead Datacenter Operations Frankfurt (m/w/d),noris network AG,Schwalbach am Taunus,"<p>Die noris network AG steht für innovative, sichere und nachhaltige IT-Lösungen. Mit über 600 engagierten Mitarbeitenden entwickeln wir leistungsstarke Services in den Bereichen Cloud, Datacenter, Network &#x26; Security sowie Managed Applications – betrieben auf einer hochmodernen, mehrfach zertifizierten IT-Infrastruktur mit eigenen Hochsicherheitsrechenzentren. Seit 1993 sind wir kontinuierlich gewachsen und zählen heute zu den führenden IT-Spezialisten in Deutschland. Unser größtes Kapital? Ein starkes, diverses Team mit einem gemeinsamen Ziel: die digitale Zukunft unserer Kunden aktiv mitzugestalten. Deshalb fördern wir Eigenverantwortung, Weiterentwicklung und frische Ideen – in einem Umfeld, das Innovation und Nachhaltigkeit vereint.</p>
<p>Wir bauen ein neues, modernes Rechenzentrum in <strong>Schwalbach bei Frankfurt am Main</strong>. An unserem Standort werden zwei zentrale Berufsgruppen tätig sein: Servicetechniker (m/w/d), die für Ein-/Ausbau, Installation und die Verkabelung von Hardware verantwortlich sind sowie Elektriker/Elektroniker (m/w/d), die den Betrieb und die Verfügbarkeit unserer technischen Infrastruktur sicherstellen. Für den erfolgreichen Aufbau und den anschließenden Betrieb suchen wir ab <strong>Oktober 2026</strong> eine engagierte Teamleitung vor Ort, welche organisatorisch, fachlich und disziplinarisch führt, klare Strukturen schafft und einen reibungslosen Ablauf aller technischen und operativen Prozesse sicherstellt.</p>
<h2>Aufgaben</h2>
<p>Aufbauphase (Schwerpunkt zu Beginn)</p>
<ul>
<li>Aktive Mitwirkung beim personellen Aufbau und der Inbetriebnahme des neuen Rechenzentrumsstandorts</li>
<li>Koordination aller technischen und organisatorischen Abläufe während der Aufbauphase</li>
<li>Schnittstelle zwischen Projektmanagement, Bauleitung, externen Dienstleistern und dem entstehenden Team</li>
<li>Mitarbeit an Prozessen, Standards und internen Abläufen für einen reibungslosen späteren Betrieb</li>
</ul>
<p>Operativer Betrieb</p>
<ul>
<li>Fachliche und disziplinarische Führung eines Teams</li>
<li>Sicherstellung eines stabilen, sicheren und effizienten Rechenzentrumsbetriebs</li>
<li>Verantwortung für die Priorisierung, Delegation und Nachverfolgung von Tagesaufgaben und Projekten</li>
<li>Überwachung und Optimierung von Betriebsprozessen sowie Einhaltung von Sicherheits-, Qualitäts- und Compliance-Standards</li>
<li>Eskalationsmanagement bei technischen Problemen sowie Unterstützung bei komplexen Störungen</li>
<li>Enge Zusammenarbeit mit anderen Unternehmensbereichen (z. B. Netzwerk, Security, Projektmanagement)</li>
<li>Bereitschaft zu gelegentlicher Schicht- oder Rufbereitschaft nach Inbetriebnahme</li>
</ul>
<p>Personalführung und -entwicklung</p>
<ul>
<li>Aufbau, Motivation und Weiterentwicklung des Teams</li>
<li>Durchführung von Mitarbeitergesprächen, Schulungs- und Weiterbildungsplanung</li>
<li>Förderung einer konstruktiven, sicheren und serviceorientierten Arbeitskultur</li>
<li>Sicherstellung einer effektiven Kommunikation innerhalb des Teams und mit anderen Abteilungen</li>
<li>Budget- und Personalplanung für den Verantwortungsbereich und aktive Unterstützung des Recruitings</li>
</ul>
<h2>Qualifikation</h2>
<ul>
<li>Abgeschlossene technische Berufsausbildung, idealerweise im Bereich Elektrotechnik, IT-Systemtechnik, Mechatronik o. Ä.; gern mit Weiterbildung zum Techniker (m/w/d) oder Meister (m/w/d)</li>
<li>Mehrjährige Berufserfahrung im Rechenzentrumsumfeld, in der technischen Infrastruktur oder im IT-Hardware-Umfeld</li>
<li>Mindestens 3 Jahre Erfahrung in der disziplinarischen Teamführung</li>
<li>Sehr gutes organisatorisches Talent und hohe Koordinationsfähigkeit, besonders in Aufbau- oder Projektphasen</li>
<li>Hohe Kommunikationsfähigkeit, Durchsetzungsvermögen und Verantwortungsbewusstsein</li>
<li>Kenntnisse im Bereich RZ-Infrastruktur (Strom, Klima, Sicherheit) sowie im Hardware-Handling von Vorteil</li>
<li>Sehr gute Deutsch- und gute Englischkenntnisse</li>
</ul>
<h2>Benefits</h2>
<ul>
<li>Unbefristeter Arbeitsvertrag und Vertrauensarbeitszeit</li>
<li>Hochwertiges Equipment: Laptop und Firmenhandy auch zur privaten Nutzung</li>
<li>Individuelle Förderung und Weiterentwicklung durch Inhouse-Trainings und externe Schulungen</li>
<li>Kinderbetreuungskostenzuschuss (pro Monat/Kind) und Corporate Benefits</li>
<li>Attraktive Firmenevents (inkl. Reisekostenübernahme), kollegiales und wertschätzendes Arbeitsumfeld sowie Duz-Kultur ab dem ersten Tag</li>
<li>Gesundheitsmanagement, Jobrad Leasing und betriebliche Altersvorsorge mit Zuschuss</li>
<li>Welcome Day, direkter Ansprechpartner (m/w/d) und strukturierte Einarbeitungsphase</li>
<li>Zuschuss zum Deutschlandticket</li>
<li>Getränke for free (auch Softdrinks) und frisches Obst an den Standorten</li>
</ul>
<p>Wir haben Dein Interesse geweckt? Dann freuen wir uns über Deine aussagekräftige Bewerbung mit Angabe Deiner Gehaltsvorstellung und dem frühesten Eintrittsdatum.</p>
<p>Für Deine Fragen zu uns oder der Stelle stehen wir Dir gerne zur Verfügung.</p>
<p>Find <a href=""https://www.arbeitnow.com/"">Jobs in Germany</a> on Arbeitnow</a>",https://www.arbeitnow.com/jobs/companies/noris-network-ag/teamleiter-team-lead-datacenter-operations-frankfurt-schwalbach-am-taunus-422662,"Die noris network AG steht für innovative, sichere und nachhaltige IT-Lösungen. Mit über 600 engagierten Mitarbeitenden entwickeln wir leistungsstarke Services in den Bereichen Cloud, Datacenter, Network &#x26; Security sowie Managed Applications – betrieben auf einer hochmodernen, mehrfach zertifizierten IT-Infrastruktur mit eigenen Hochsicherheitsrechenzentren. Seit 1993 sind wir kontinuierlich gewachsen und zählen heute zu den führenden IT-Spezialisten in Deutschland. Unser größtes Kapital? Ein starkes, diverses Team mit einem gemeinsamen Ziel: die digitale Zukunft unserer Kunden aktiv mitzugestalten. Deshalb fördern wir Eigenverantwortung, Weiterentwicklung und frische Ideen – in einem Umfeld, das Innovation und Nachhaltigkeit vereint. Wir bauen ein neues, modernes Rechenzentrum in Schwalbach bei Frankfurt am Main . An unserem Standort werden zwei zentrale Berufsgruppen tätig sein: Servicetechniker (m/w/d), die für Ein-/Ausbau, Installation und die Verkabelung von Hardware verantwortlich sind sowie Elektriker/Elektroniker (m/w/d), die den Betrieb und die Verfügbarkeit unserer technischen Infrastruktur sicherstellen. Für den erfolgreichen Aufbau und den anschließenden Betrieb suchen wir ab Oktober 2026 eine engagierte Teamleitung vor Ort, welche organisatorisch, fachlich und disziplinarisch führt, klare Strukturen schafft und einen reibungslosen Ablauf aller technischen und operativen Prozesse sicherstellt. Aufgaben Aufbauphase (Schwerpunkt zu Beginn) Aktive Mitwirkung beim personellen Aufbau und der Inbetriebnahme des neuen Rechenzentrumsstandorts Koordination aller technischen und organisatorischen Abläufe während der Aufbauphase Schnittstelle zwischen Projektmanagement, Bauleitung, externen Dienstleistern und dem entstehenden Team Mitarbeit an Prozessen, Standards und internen Abläufen für einen reibungslosen späteren Betrieb Operativer Betrieb Fachliche und disziplinarische Führung eines Teams Sicherstellung eines stabilen, sicheren und effizienten Rechenzentrumsbetriebs Verantwortung für die Priorisierung, Delegation und Nachverfolgung von Tagesaufgaben und Projekten Überwachung und Optimierung von Betriebsprozessen sowie Einhaltung von Sicherheits-, Qualitäts- und Compliance-Standards Eskalationsmanagement bei technischen Problemen sowie Unterstützung bei komplexen Störungen Enge Zusammenarbeit mit anderen Unternehmensbereichen (z. B. Netzwerk, Security, Projektmanagement) Bereitschaft zu gelegentlicher Schicht- oder Rufbereitschaft nach Inbetriebnahme Personalführung und -entwicklung Aufbau, Motivation und Weiterentwicklung des Teams Durchführung von Mitarbeitergesprächen, Schulungs- und Weiterbildungsplanung Förderung einer konstruktiven, sicheren und serviceorientierten Arbeitskultur Sicherstellung einer effektiven Kommunikation innerhalb des Teams und mit anderen Abteilungen Budget- und Personalplanung für den Verantwortungsbereich und aktive Unterstützung des Recruitings Qualifikation Abgeschlossene technische Berufsausbildung, idealerweise im Bereich Elektrotechnik, IT-Systemtechnik, Mechatronik o. Ä.; gern mit Weiterbildung zum Techniker (m/w/d) oder Meister (m/w/d) Mehrjährige Berufserfahrung im Rechenzentrumsumfeld, in der technischen Infrastruktur oder im IT-Hardware-Umfeld Mindestens 3 Jahre Erfahrung in der disziplinarischen Teamführung Sehr gutes organisatorisches Talent und hohe Koordinationsfähigkeit, besonders in Aufbau- oder Projektphasen Hohe Kommunikationsfähigkeit, Durchsetzungsvermögen und Verantwortungsbewusstsein Kenntnisse im Bereich RZ-Infrastruktur (Strom, Klima, Sicherheit) sowie im Hardware-Handling von Vorteil Sehr gute Deutsch- und gute Englischkenntnisse Benefits Unbefristeter Arbeitsvertrag und Vertrauensarbeitszeit Hochwertiges Equipment: Laptop und Firmenhandy auch zur privaten Nutzung Individuelle Förderung und Weiterentwicklung durch Inhouse-Trainings und externe Schulungen Kinderbetreuungskostenzuschuss (pro Monat/Kind) und Corporate Benefits Attraktive Firmenevents (inkl. Reisekostenübernahme), kollegiales und wertschätzendes Arbeitsumfeld sowie Duz-Kultur ab dem ersten Tag Gesundheitsmanagement, Jobrad Leasing und betriebliche Altersvorsorge mit Zuschuss Welcome Day, direkter Ansprechpartner (m/w/d) und strukturierte Einarbeitungsphase Zuschuss zum Deutschlandticket Getränke for free (auch Softdrinks) und frisches Obst an den Standorten Wir haben Dein Interesse geweckt? Dann freuen wir uns über Deine aussagekräftige Bewerbung mit Angabe Deiner Gehaltsvorstellung und dem frühesten Eintrittsdatum. Für Deine Fragen zu uns oder der Stelle stehen wir Dir gerne zur Verfügung. Find Jobs in Germany on Arbeitnow","['cloud', 'api']",Cloud Engineer
